id;sku
32025;D-201578
32086;D-209330
32116;D-210566
32150;D-212495
32155;D-212497
32204;D-213831
32229;D-215893
32245;D-216304
32262;D-218001
32273;D-218007
32284;D-218384
32371;D-220376
32444;D-221968
32449;D-222113
32455;D-222334
32494;D-222944
32499;D-223344
32571;D-227050
32581;D-227177
32595;D-227397
32599;D-227496
32600;D-227502
32602;D-227581
32606;D-227585
32688;D-228374
32715;D-7908 BLACK
32737;PD2961-00
32741;PD3262-23
32753;PD3882-24
32789;PD4556-23
32807;9750 WHITE
32819;D-201615
32843;D-207771
32861;D-210532
32878;D-212494
32887;D-213833
32891;D-215314
32907;D-217902
32925;D-219400
32929;D-219963
32935;D-220348
32936;D-220412
32959;D-222110
32961;D-222279
32965;D-222323
32976;D-222943
32979;D-223129
32997;D-223951
33016;D-227337
33017;D-227342
33020;D-227411
33021;D-227483
33024;D-227582
33028;D-227706
33029;D-227725
33048;D-228537
33054;D23-194049
33081;RD 239
33086;6906 BLACK
33091;D-195884
33112;D-202660
33135;D-210520
33140;D-212412
33148;D-213767
33157;D-218002
33159;D-218221
33180;D-220350
33182;D-220496
33183;D-220653
33186;D-220766
33196;D-222111
33212;D-223122
33213;D-223840
33214;D-224014
33231;D-226987
33233;D-227026
33261;D-227474
33262;D-227493
33263;D-227507
33265;D-227584
33270;D-227733
33276;D-228126
33279;D-228379
33289;PD2139-00
33301;1001 NUDE
33304;9303 BLACK
33333;D-202683
33354;D-210550
33364;D-213725
33399;D-218004
33411;D-218629
33432;D-220228
33446;D-220642
33447;D-220644
33452;D-220795
33454;D-220796
33456;D-220797
33471;D-221965
33473;D-222109
33474;D-222182
33476;D-222278
33478;D-222311
33479;D-222317
33514;D-225435
33521;D-227049
33527;D-227437
33528;D-227472
33533;D-228013
33534;D-228016
33536;D-228029
33564;PD1516-21
33567;PD3222-00
33576;PD5401-21
33627;D-215760
33670;D-221042
33679;D-221971
33699;D-223560
33700;D-223562
33710;D-225628
33727;D-227336
33728;D-227396
33729;D-227414
33731;D-227505
33732;D-227518
33733;D-227521
33734;D-227577
33755;PD1393-21
33779;D-201616
33799;D-207300
33801;D-207384
33821;D-216343
33828;D-216856
33837;D-220352
33853;D-222300
33865;D-223832
33890;D-227501
33891;D-227522
33892;D-227578
33893;D-227583
33894;D-227602
33898;D-227724
33899;D-227728
33917;PD4118-21
33920;TNH-003
33930;D-196693
33952;D-201738
34004;D-220411
34008;D-220565
34015;D-221849
34042;D-226608
34047;D-226874
34054;D-227523
34055;D-227594
34057;D-227697
34058;D-227729
34086;PD2189-00
34104;D-197710
34136;D-213832
34137;D-213990
34151;D-219517
34177;D-222294
34200;D-227386
34201;D-227438
34202;D-227477
34203;D-227532
34204;D-227606
34205;D-227682
34206;D-227723
34207;D-227730
34228;PD3947-21
34229;PD4405-23
34237;1061 BLACK
34272;D-215555
34277;D-216576
34299;D-221834
34302;D-222276
34304;D-222310
34326;D-227368
34329;D-227684
34347;PD2164-12
34384;D-211750
34388;D-212603
34413;D-220316
34426;D-221972
34456;D-227432
34457;D-227475
34462;D-227579
34463;D-227589
34464;D-227608
34466;D-227704
34467;D-227738
34489;D-195233
34503;D-203233
34544;D-221969
34583;D-227405
34584;D-227430
34585;D-227469
34586;D-227588
34587;D-227683
34588;D-227944
34589;D-228124
34614;D-199886
34630;D-207769
34643;D-212479
34645;D-213052
34675;D-219502
34687;D-222401
34693;D-223126
34704;D-223567
34719;D-227404
34721;D-227702
34722;D-228125
34751;D-195205
34791;D-219499
34818;D-227402
34822;D-227435
34824;D-227737
34830;D-228123
34840;D26-3023
34852;D-199901
34880;D-218892
34891;D-220530
34894;D-221048
34902;D-222254
34903;D-222397
34906;D-223128
34921;D-227408
34922;D-227478
34926;D-227491
34927;D-227595
34928;D-227601
34929;D-228019
34930;D-228021
34945;D-195889
34986;D-219412
34991;D-220656
35013;D-227073
35018;D-227703
35040;D-211388
35043;D-212563
35061;D-219497
35072;D-222024
35099;D-227482
35100;D-227686
35104;D-227719
35111;D-228020
35129;D-203263
35151;D-217901
35162;D-222398
35163;D-223424
35174;D-227721
35180;D-228663
35191;D-202681
35201;D-213292
35208;D-216387
35215;D-220763
35227;D-225059
35232;D-227362
35233;D-227409
35238;D-227490
35288;D-223425
35300;D-227580
35301;D-227587
35321;D-202684
35323;D-207378
35330;D-219112
35336;D-222277
35353;D-227029
35357;D-227494
35358;D-227504
35361;D-227739
35367;TNH-002
35377;D-207385
35380;D-211862
35383;D-212474
35388;D-216416
35399;D-223571
35408;D-227605
35409;D-227705
35418;D-201474
35432;D-213985
35440;D-222315
35451;D-227071
35452;D-227353
35453;D-227436
35454;D-227473
35458;D-227499
35484;D-212476
35485;D-215558
35503;D-223570
35508;D-227520
35509;D-227607
35513;D-227708
35517;D-227740
35550;D-218196
35569;D-227500
35572;D-227707
35584;D-195204
35595;D-211365
35599;D-215547
35629;D-226606
35636;D-227701
35639;D-228662
35640;D-228785
35648;D-199888
35662;D-216414
35679;D-223420
35685;D-227194
35687;D-227465
35688;D-227503
35691;D-228787
35716;D-196971
35724;D-207068
35730;D-211783
35752;D-227480
35753;D-227509
35754;D-227717
35755;D-227735
35776;D-199873
35785;D-210525
35786;D-211148
35800;D-223578
35801;D-224027
35809;D-227434
35810;D-227498
35849;D-224942
35856;D-525250
35871;D-211896
35876;D-216577
35890;D-224948
35918;D-221049
35921;D-222333
35926;D-227200
35928;D-227255
35930;D-227346
35948;D-205439
35957;D-215540
35968;D-221050
35972;D-223554
35975;D-227741
35987;D-199875
35989;D-202661
35996;D-213984
36002;D-220923
36009;D-223572
36019;D-227742
36029;D-201461
36051;D-224947
36053;D-227431
36067;D-219169
36081;D-227681
36083;D-228466
36105;D-218456
36123;D-210642
36142;D-224945
36144;D-227492
36145;D-227531
36150;D-194984
36152;D-199903
36159;D-208974
36178;D-227035
36179;D-227038
36186;D-196689
36210;D-227476
36230;D-222081
36232;D-223575
36245;D-224946
36256;D-227685
36260;D-228353
36268;D-210498
36289;194245
36291;194251
36293;D-23617
36335;D-196480
36387;D-199868
36388;D-199870
36389;D-199871
36390;D-199872
36406;D-201458
36407;D-201462
36409;D-201467
36453;D-202664
36456;D-202666
36458;D-202671
36464;D-202700
36471;D-202723
36473;D-202733
36519;D-206076
36520;D-207063
36527;D-207391
36561;D-210810
36572;D-211194
36579;D-211379
36582;D-211395
36603;D-211806
36620;D-211984
36623;D-211987
36644;D-212296
36649;D-212301
36651;D-212303
36665;D-212540
36746;D-213328
36784;D-215000
36823;D-215489
36824;D-215539
36825;D-215548
36827;D-215551
36914;D-216599
36934;D-217992
36974;D-218470
37010;D-218623
37024;D-218731
37058;D-219107
37059;D-219121
37069;D-219170
37070;D-219172
37099;D-220062
37100;D-220063
37289;D-221316
37341;D-222082
37342;D-222164
37348;D-222251
37425;D-223396
37429;D-223416
37433;D-223426
37445;D-223566
37446;D-223574
37448;D-223831
37462;D-224081
37470;D-224082
37523;D-224943
37558;D-225375
37569;D-225440
37570;D-225441
37571;D-225442
37572;D-225443
37573;D-225444
37574;D-225445
37575;D-225446
37576;D-225447
37577;D-225448
37578;D-225449
37580;D-225461
37581;D-225462
37582;D-225463
37583;D-225464
37584;D-225465
37586;D-225467
37587;D-225468
37588;D-225469
37589;D-225470
37590;D-225471
37591;D-225472
37592;D-225473
37593;D-225474
37622;D-225580
37627;D-225581
37655;D-225732
37661;D-225780
37665;D-225824
37668;D-225827
37671;D-225830
37682;D-226683
37683;D-226684
37684;D-226685
37685;D-226686
37686;D-226687
37745;D-226945
37746;D-226947
37755;D-227031
37756;D-227032
37757;D-227033
37758;D-227034
37759;D-227036
37760;D-227039
37761;D-227060
37763;D-227062
37797;D-227196
37798;D-227197
37799;D-227198
37800;D-227199
37807;D-227209
37836;D-227253
37837;D-227256
37838;D-227257
37839;D-227258
37840;D-227259
37841;D-227260
37842;D-227261
37843;D-227264
37844;D-227265
37845;D-227266
37846;D-227267
37847;D-227268
37848;D-227269
37855;D-227282
37856;D-227284
37858;D-227286
37859;D-227287
37881;D-227313
37924;D-227466
37926;D-227517
37930;D-227519
37937;D-227610
37979;D-228354
37985;D-228443
38025;D-525243
38026;D-525247
38027;D-525248
44921;PD5306-11
44933;D-220193
44936;D-223934
44956;RD 229
44962;D-229094
44991;PD4629-23
44998;1068 BLACK
45034;PD4025-23
45166;D-228897
45183;PD3273-00
45349;D-213029
45375;PD5909-23
45407;D-228729
45499;D-227524
45523;D-227677
45600;PD4402-00
45698;D-227417
45702;D-227604
45814;D-229093
45876;D-210555
45902;D-227731
45917;D-227527
45921;D-227720
45948;D-209378
46078;PD4308-21
46125;D-222112
46154;D-220195
46191;D-218010
46217;D-227433
46224;D-210274
46226;D-210554
46268;D11-201217
46296;PD4424-00
46382;PD5603-21
46413;D-225296
46450;D-213057
46457;PD3232-23
46538;D-212473
46588;D-228348
46600;PD5522-21
46613;D-221966
46621;D-227479
46625;D-219195
46738;PD5523-21
46845;D-227506
46894;D-228898
46954;D-199963
46981;D-227470
46985;D-215552
46991;D-212464
47084;D-227689
47225;D-225460
47279;D-227576
47292;D-201737
47301;D-212559
47356;D-228899
47410;D-227406
47581;D-227674
47702;D-227418
47725;D-227586
47763;D-227603
47776;D-227736
47782;D-227675
47844;D-227486
47848;D-227530
47872;PD5602-21
47888;PD3372-23
47925;D-227732
47929;D-227596
48015;D-227727
48085;D-227715
48089;D-227419
48131;D-202729
48133;D-227718
48235;D-227416
48241;TNH-004
48265;D-209335
48287;D-227407
48311;D-229229
48412;D-227508
48427;D31-20802
48433;D-194902
48439;D-229096
48466;D_194018
48564;D-196472
48573;D-227716
48577;D-227481
48581;D-216595
48615;D-227713
48699;D-222075
48849;D-202668
48865;D-228992
48869;D-228991
48872;D-223830
48874;D-215545
48894;D-211376
48914;D-199881
48928;D-228993
48951;D-213873
49021;D-228990
49116;D-227037
49127;D-229224
49130;D-229227
49136;D-229230
49201;D-229130
49211;D-229135
49815;D-229433
49817;D-229423
49844;D-228850
49849;D-228851
49854;D-228852
49859;D-228853
50227;D-216439
50230;D-216473
50241;D-218652
50246;D-218653
50291;D-220269
50316;D-222978
50320;D-227992
50324;D-228385
50334;D-228393
50398;D-203835
50400;D-203836
50402;D-203837
50406;D-209165
50453;D-216624
50464;D-216695
50467;D-216697
50470;D-216725
50474;D-216726
50478;D-216727
50481;D-216728
50487;D-216734
50506;D-216749
50509;D-216750
50519;D-216782
50554;D-222484
50557;D-222485
50632;D-222563
50635;D-222564
50655;D-222574
50679;D-222584
50942;D-228696
50946;D-228697
51057;D-229873
51075;D-218872
51078;D-218873
51081;D-218874
51096;D-218972
51098;D-218973
51100;D-218974
51105;D-218976
51129;D-219024
51135;D-219034
51141;D-219057
51153;D-219062
51155;D-219063
51162;D-219076
51186;D-227400
51190;D-227401
51194;D-227485
51198;D-227525
51202;D-227526
51206;D-227528
51210;D-227597
51214;D-227599
51218;D-227722
51227;D-229502
51244;D-220543
51272;D-220566
51338;D-220657
51429;D-220764
51460;D-220646
51466;D-220647
51495;D-223310
51523;D-223345
51551;D-220277
51567;D-227993
51572;D-228382
51576;D-228397
51581;D-228421
51594;D-216759
51597;D-216760
51673;D-222464
51676;D-222465
51734;D-222533
51737;D-222534
51744;D-222539
51835;D-218982
51856;D-218991
51867;D-218995
51874;D-219033
51958;D-220654
52054;D-215329
52059;D-215330
52084;D-218659
52095;D-222938
52098;D-222939
52101;D-222940
52104;D-222941
52223;D-216650
52227;D-216651
52257;D-216701
52261;D-216702
52391;D-225703
52412;D-226810
52415;D-226811
52440;D-226818
52443;D-226819
52547;D-227811
52549;D-227813
52560;D-227816
52687;D-227839
52732;D-227849
52748;D-227852
52768;D-227902
52780;D-227904
52786;D-227905
52802;D-227908
52838;D-218859
52840;D-218860
52843;D-218861
52846;D-218862
52870;D-221397
52874;D-221398
52890;D-221402
52903;D-226955
52932;D-223385
52940;D-220767
52975;D-227994
52987;D-228390
52992;D-228391
52997;D-228392
53030;D-229960
53058;D-229971
53480;D-229655
53509;D-229673
53514;D-229674
53588;D-226951
53590;D-226956
53592;D-226957
53594;D-226958
53601;D-226961
53610;D-226964
53612;D-226965
53632;D-229526
53701;D-216467
53722;D-219385
53734;D-220281
53738;D-220282
53793;D-228422
53798;D-228429
53804;D-228430
53811;D-202730
53830;D-216415
53833;D-216438
53844;D-222316
53848;D-222335
53850;D-222678
53858;D-227385
54047;D-229148
54074;D-229549
54133;D-229523
54141;D-221519
54157;D-229512
54178;D-229518
54271;D-213565
54330;D-216731
54368;D-216813
54372;D-216814
54424;D-221949
54451;D-222345
54454;D-222346
54457;D-222349
54495;D-222369
54497;D-222370
54540;D-225686
54546;D-225698
54760;D-218966
54771;D-218970
54778;D-219066
54801;D-226937
54803;D-227410
54807;D-227415
54811;D-227712
54815;D-227714
54891;D-222582
54939;D-228630
55058;D-220263
55068;D-222090
55079;D-225532
55082;D-225533
55104;D-228407
55108;D-228408
55138;D-229696
55231;D-218926
55265;D-221393
55272;D-229695
55284;D-229700
55305;D-229152
55310;D-229510
55338;D-220660
55364;D-220659
55422;D-218954
55471;D-219043
55477;D-219045
55489;D-219050
55491;D-219051
55497;D-219054
55517;D-221407
55541;D-229690
55690;D-229588
55792;D-229718
55797;D-229719
55820;D-210585
55825;D-220279
55958;D-220765
55964;D-220768
55999;D-220841
56009;D-220604
56040;D-220762
56249;D-223318
56252;D-223330
58077;D-227939
58081;D-227940
58085;D-227942
58135;D-222037
58244;D-229724
58254;D-220680
58263;D-220683
58301;D-220679
58307;D-220682
58640;D-215435
58743;D-218847
58762;D-220293
58795;D-222087
58798;D-222957
58801;D-222958
58805;D-222970
58808;D-222976
58815;D-225847
58835;D-228425
58841;D-228427
58846;D-228432
58903;D-216691
58906;D-216692
58931;D-216773
58934;D-216774
59103;D-222448
59128;D-222642
59265;D-226828
59268;D-226829
59401;D-228688
59406;D-228689
59411;D-228690
59626;D-218846
59628;D-218848
59637;D-218851
59640;D-218852
59646;D-218867
59700;D-221415
59711;D-221418
59718;D-221420
59721;D-221421
59738;D-227687
59745;D-229693
59751;D-229149
59775;D-229536
59846;D-229530
59860;D-229531
59927;D-223584
59935;D-223588
59980;D-223585
60062;D-229981
60367;D-218931
60379;D-227573
60383;D-227574
60442;D-223558
60450;D-223569
60454;D-223573
60494;1278 BLACK
60504;9213 NUDE/BLACK
60505;9215 BLACK
60508;9750 RED
60517;D-210539
60519;D-210545
60521;D-210547
60525;D-210549
60535;D-211410
60539;D-215312
60544;D-219001
60548;D-219644
60550;D-221775
60553;D-222032
60557;D-226857
60561;D-226859
60570;D-227989
60572;D-227990
60584;D-228370
60595;D-228372
60613;D-228377
60725;D-229742
60784;D-228428
60867;D-230153
60871;D-230154
60881;D-230001
60919;D-229930
60956;D-229786
60971;D-229789
61017;D-229779
61387;D-229805
61390;D-229806
61393;D-229807
61396;D-229808
61410;D-229813
61482;D-230510
61489;D-230511
61563;D-230629
61568;D-230630
61591;D-230620
62052;D-230470
62062;D-218011
62116;D-223218
62157;D-221040
62165;D-229711
62191;PD1515-21
62201;PD4227-21
62243;D-223885
62304;D-226986
62316;PD5307-11
62359;D-227468
62369;D-220493
62412;PD3250-23
62436;PD5606-21
62466;D-230751
62498;D-223931
62585;D-227515
62639;D-219817
62772;D-227439
62822;D-227529
62831;D-229358
62959;PD4652-23
63014;D-222108
63020;D-218003
63069;D-229601
63071;D-211389
63072;PD5309-11
63123;D-220230
63127;PD3948-00
63141;D-227488
63176;D-229552
63191;D-230696
63199;D-229793
63218;D-227489
63230;D-205447
63241;PD4461-23
63259;D-229359
63267;D-219174
63281;D-216563
63335;D-227516
63385;D-227412
63394;D-223936
63409;D-229754
63429;PD5518-21
63450;D-208171
63532;D-229946
63558;D-230662
63580;D-227413
63786;D-230702
63793;D-229507
63865;D-227709
63887;D-213055
63930;D-196972
63995;D-229553
64058;PD3609-00
64098;D-229753
64105;D-230328
64170;D-229551
64189;D-227711
64390;D-227202
64393;D-227203
64459;D-202761
64538;D-227028
64554;D-227549
64555;D-227571
64671;D-230536
64800;D-209325
64803;D-209332
64900;D-229554
64912;D-229792
64915;D-229802
64918;D-229809
64924;D-229816
64927;D-229817
64931;D-229819
64965;D-230302
65048;D-230820
65055;D-230821
65079;D-230824
65087;D-230825
65282;D-230039
65288;D-230042
65294;D-230044
65297;D-230045
65300;D-230046
65311;D-230117
65319;D-199879
65361;D-229791
65365;D-229798
65369;D-229799
65372;D-229803
65375;D-227027
65376;D-229804
65428;D-229766
65445;D-229800
65453;D-230320
65457;D-230321
65518;D-229801
65602;D-230972
65610;D-230974
65716;D-230937
65726;D-230941
65871;D-230373
65988;D-230550
66058;D-230559
66293;D-231032
66298;D-231033
66345;D-231026
66356;D-231027
66454;D-223225
66614;D-222026
66732;D-228721
66782;D-230303
66788;D-230309
66794;D-230313
66805;D-230307
66809;D-230311
66812;D-230980
66895;D-227570
66899;D-227572
66900;D-227398
66904;D-227403
66908;D-227673
66912;D-227676
66920;D-219439
67088;D-195065
67111;D-196425
67127;D-195064
67380;D-216448
67383;D-216477
67387;D-216478
67391;D-227399
67395;D-208945
67460;D-221813
67477;D-216540
67504;D-221939
67561;D-229157
67629;D-228381
67637;D-227575
67646;D-230541
67652;D-220247
67655;D-227995
67659;D-228410
67666;D-227679
67670;D-215315
67706;D-211726
67782;D-230547
67807;9750 NUDE
67818;D-230542
67896;D-230540
67902;D-220258
67916;D-212493
67921;D-229178
67961;D-230538
67968;D-230539
68023;D-227680
68045;D-220341
68054;D-230034
68070;D-219421
68106;D-227678
68110;D-227710
68116;D-227600
68120;D-227484
68152;D-230971
68159;D-230973
68190;D-230325
68204;D-222080
68611;D-230334
68626;D-230345
68665;D-230352
68674;D-230360
68682;D-230129
68688;D-230065
68693;D-230068
68738;D-231253
68742;D-230330
68750;D-230339
68757;D-231204
68760;D-231254
68763;D-230126
68776;D-230333
68789;D-229907
68795;D-229908
68798;D-229910
68804;D-229911
68809;D-229913
68813;D-229914
68819;D-229915
68838;D-230019
68848;D-230053
68853;D-230055
68886;D-230077
68901;D-230089
68927;D-230094
68938;D-230096
68951;D-230107
68957;D-230109
68968;D-230113
68988;D-230116
68999;D-230119
69006;D-230122
69025;D-230127
69027;D-230131
69030;D-230139
69050;D-230142
69053;D-230143
69056;D-230144
69063;D-230145
69068;D-230149
69071;D-230327
69095;D-230331
69098;D-230356
69114;D-231206
69120;D-231275
69122;D-231276
69130;D-231280
69132;D-231281
69137;D-231283
69141;D-231284
69147;D-231308
69166;D-228400
69194;D-231366
69206;D-216513
69223;D-228401
69228;D-2284035
69238;D-228406
69253;D-231372
69259;D-231378
69265;D-231379
69277;D-231359
69284;1912 WHITE
69287;9027 RED
69290;D-210552
69292;D-210553
69296;D-215317
69300;D-225843
69302;D-228380
69306;D-221935
69326;D-228394
69331;D-220275
69334;D-221938
69338;D-221940
69347;D-228395
69352;D-228396
69383;D-231373
69389;D-231374
69401;D-231376
69407;D-231377
69428;D-220292
69447;D-231362
69454;D-231363
69460;D-231364
69472;D-216453
69479;D-222035
69483;D-222036
69516;D-231150
69628;D-231218
69646;D-231217
69664;D-231219
69714;D-231220
69823;D-231635
69827;D-231636
69828;D-231675
69832;D-231676
69833;D-231679
69837;D-231680
69841;D-231438
69846;D-231439
69851;D-231448
69856;D-231449
69861;D-231683
69865;D-231684
69869;D-231692
69873;D-231693
69877;D-231698
69881;D-231699
69885;D-231428
69900;D-231431
69925;D-231444
69940;D-231447
69945;D-231619
69953;D-231622
69961;D-231624
69965;D-231625
69977;D-231628
69993;D-231642
69997;D-231643
70005;D-231645
70009;D-231646
70017;D-231648
70021;D-231652
70025;D-231654
70037;D-231685
70045;D-231687
70049;D-231434
70054;D-231435
70059;D-231436
70060;D-231437
70061;D-231440
70066;D-231441
70071;D-231631
70075;D-231632
70079;D-231633
70087;D-231655
70091;D-231656
70095;D-231657
70099;D-231658
70107;D-231660
70111;D-231673
70115;D-231674
70119;D-231677
70123;D-231678
70131;D-231682
70135;D-231688
70139;D-231689
70143;D-231690
70147;D-231691
70151;D-231694
70159;D-231696
70198;RD343
70423;PD3880-23
70558;D-227251
70559;D-230349
70569;D-230353
70579;D-230022
70584;D-230138
70597;D-230147
70602;D-230146
70607;D-230137
70614;D-230104
83147;D-231068
83154;D-231069
83219;D-231071
83301;D-231080
83308;D-231081
83480;D-231387
83576;D-231298
83583;D-231228
83589;D-231229
83639;D-231421
83656;D-230695
83681;D-231807
83686;D-231613
83690;D-231615
83694;D-231616
83702;D-231637
83706;D-231639
83710;D-231649
83714;D-231651
83718;D-231661
83722;D-231663
83726;D-231664
83759;D-231862
83763;D-231863
83767;D-231864
83771;D-231865
83775;D-231866
83779;D-231867
83797;D-231113
83805;D-231153
83808;D-231710
83811;D-231711
83814;D-229818
83817;D-229767
83909;D-222115
84007;D-230254
84053;D-230958
84090;D-207389
84153;D-231700
84223;D-219437
84234;D-219257
84290;D-231702
84292;D-229548
84327;D-221977
84403;D-231246
84431;D-223987
84460;D-207335
84560;D-205207
84589;D-205197
84611;D-221062
84616;D-221063
84714;D-223989
84744;D-223319
84902;D-232034
84907;D-207388
85239;D-232092
85961;D-232169
86048;D-232428
86053;D-232429
86155;D-232136
86185;D-232044
86190;D-232043
86430;D-232172
86434;D-232171
86496;D-231297
86527;D-231327
86531;D-232416
86533;D-232413
86535;D-230959
86537;D-232417
86559;D-232192
86702;D-232506
86883;D-232524
86895;D-232517
87027;D-232530
87032;D-232529
87481;D-232625
87510;D-232557
87514;D-232559
87528;D-232567
88428;D-232661
88440;D-232665
88461;D-232662
88482;D-232469
88488;D-232470
88544;D-232596
89818;D-227175
89844;D-229710
89956;D-231239
90002;D-232653
90081;D-232547
90083;D-232548
90145;D-232537
90150;D-232549
90152;D-232538
90157;D-232542
90161;D-232539
90163;D-232540
90298;D-232691
90342;D-232701
90414;D-232711
90457;D-232696
90732;D-232733
90738;D-232819
90758;D-232743
90881;D-232800
91132;1680BLACK
91176;D-232864
91180;D-232865
91184;D-232866
91202;D-232870
91206;D-232871
91209;D-232876
91212;D-232877
91237;D-232879
91302;D-231305
91318;D-230335
91331;D-230344
91348;D-230351
91367;D-230128
91374;D-230329
91377;D-229858
91385;D-230013
91397;D-230056
91472;D-231301
91488;D-232675
91527;D-230014
91534;D-230016
91546;D-230067
91572;D-230106
91581;D-232840
91681;D-232906
91737;D-232913
91749;D-232915
91766;D-232921
91790;D-232916
92139;D-223296
92142;D-223971
92146;D-223972
92150;D-223973
92163;D-228511
92185;D-228516
92191;D-228519
92197;D-228520
92243;D-223929
92290;D-223634
92313;D-225617
92330;D-230649
92339;D-223916
92372;D-223935
92375;D-223942
92410;D-223290
92451;D-225230
92485;D-228503
92496;D-228504
92530;D-233069
92601;D-222150
92610;D-222136
92617;D-222146
92633;D-222153
92644;D-224999
92649;D-225000
92660;D-225008
92676;D-225014
92683;D-230752
92744;D-233077
92807;D-223616
92820;D-223808
92832;D-223820
92841;D-223825
92852;D-228498
92883;D-228505
92892;D-228506
92903;D-228507
92952;D-229180
93004;D-230754
93036;D-223819
93050;D-223219
93053;D-223806
93103;D-223910
93127;D-229186
93161;D-229191
93173;D-223943
93176;D-223944
93209;D-225021
93222;D-229143
93249;D-230648
93287;D-225232
93291;D-225234
93373;D-223996
93382;D-223226
93421;D-233096
93427;D-233097
93440;D-233092
93446;D-233093
93451;D-233124
93472;D-233094
93515;D-233100
93521;D-233101
93527;D-233102
93533;D-233103
93539;D-233098
93545;D-233099
93841;D-233030
93873;D-233036
93914;D-233058
93938;D-233060
93975;D-233076
94000;D-233079
94031;D-233081
94046;D-233082
94058;D-233083
94070;D-233084
94201;D-233054
94225;D-233056
94237;D-233057
94249;D-233087
94262;D-233088
94275;D-233089
94288;D-233091
94302;D-233047
94335;D-233072
94489;D-233306
94496;D-233307
94580;D-233277
94587;D-233280
94594;D-233281
94643;D-233288
94650;D-233289
94685;D-233302
94692;D-233303
94699;D-233330
94706;D-233331
94748;D-233304
94755;D-233305
94762;D-233308
94769;D-233309
94877;D-226899
95023;D-233439
95035;D-233458
95044;D-233440
95058;D-233441
95077;D-233444
95084;D-233466
95092;D-233465
95119;D-233512
95126;D-233516
95131;D-233513
95197;D-234004
95202;D-234003
95207;D-234002
95212;D-234005
95217;D-234016
95222;D-234015
95227;D-234014
95232;D-234017
95237;D-234000
95242;D-233999
95247;D-233998
95252;D-234001
95257;D-234008
95262;D-234007
95267;D-234006
95272;D-234009
95277;D-233996
95282;D-233995
95287;D-233994
95297;D-234012
95302;D-234011
95307;D-234010
95312;D-234013
95317;D-234024
95333;D-234020
95338;D-234019
95343;D-234018
95353;D-234068
95358;D-234067
95363;D-234066
95368;D-234069
95373;D-234080
95378;D-234079
95393;D-234064
95398;D-234063
95403;D-234062
95408;D-234065
95413;D-234072
95417;D-234071
95421;D-234070
95425;D-234073
95434;D-234059
95439;D-234058
95449;D-234076
95454;D-234075
95459;D-234074
95464;D-234077
95469;D-234088
95473;D-234087
95490;D-234083
95582;D-233673
95585;D-233762
95590;D-233763
95595;D-233764
95605;D-233766
95608;D-233767
95611;D-233768
95622;D-233859
95627;D-233860
95632;D-233861
95653;D-233890
95658;D-233891
95663;D-233892
95668;D-233893
95673;D-233894
95677;D-233895
95681;D-233896
95685;D-233897
95689;D-233958
95692;D-233959
95695;D-233960
95698;D-233961
95711;D-233652
95721;D-233662
95731;D-233664
95741;D-233746
95746;D-233747
95751;D-233748
95756;D-233749
95761;D-233758
95766;D-233759
95771;D-233760
95776;D-233761
95781;D-233842
95786;D-233843
95791;D-233844
95796;D-233845
95801;D-233854
95806;D-233855
95811;D-233856
95816;D-233857
95821;D-233874
95826;D-233875
95831;D-233876
95836;D-233877
95841;D-233886
95846;D-233887
95851;D-233888
95856;D-233889
95867;D-233939
95873;D-233940
95885;D-233950
95891;D-233951
95919;D-233648
95924;D-233649
95949;D-233742
95955;D-233743
95961;D-233744
95973;D-233750
95978;D-233751
95983;D-233752
95988;D-233753
95993;D-233838
95998;D-233839
96003;D-233840
96008;D-233841
96013;D-233846
96018;D-233847
96023;D-233848
96028;D-233849
96033;D-233870
96038;D-233871
96043;D-233872
96048;D-233873
96053;D-233878
96058;D-233879
96063;D-233880
96068;D-233881
96073;D-233934
96078;D-233935
96083;D-233936
96088;D-233937
96093;D-233942
96098;D-233943
96103;D-233944
96108;D-233945
96123;D-233644
96153;D-233738
96158;D-233739
96163;D-233740
96168;D-233741
96173;D-233754
96178;D-233755
96183;D-233756
96188;D-233757
96194;D-233835
96199;D-233836
96204;D-233837
96209;D-233850
96214;D-233851
96219;D-233852
96224;D-233853
96229;D-233866
96234;D-233867
96239;D-233868
96249;D-233882
96254;D-233883
96259;D-233884
96264;D-233885
96314;D-233684
96319;D-233683
96329;D-233685
96339;D-233695
96344;D-233694
96349;D-233697
96359;D-233679
96374;D-233688
96378;D-233687
96382;D-233686
96386;D-233689
96395;D-233675
96405;D-233677
96410;D-233692
96415;D-233691
96420;D-233690
96425;D-233693
96430;D-233704
96435;D-233703
96455;D-233699
96475;D-233715
96485;D-233717
96490;D-233728
96495;D-233727
96500;D-233726
96505;D-233729
96510;D-233712
96515;D-233711
96520;D-233710
96525;D-233713
96530;D-233720
96535;D-233719
96540;D-233718
96545;D-233721
96550;D-233708
96555;D-233707
96560;D-233706
96570;D-233724
96575;D-233723
96580;D-233722
96585;D-233725
96611;D-233731
96626;D-233791
96636;D-233793
96641;D-233780
96646;D-233779
96656;D-233781
96661;D-233792
96666;D-233776
96671;D-233775
96686;D-233784
96691;D-233783
96696;D-233782
96701;D-233785
96706;D-233772
96711;D-233771
96716;D-233770
96726;D-233788
96731;D-233787
96736;D-233786
96741;D-233789
96746;D-233800
96754;D-233798
96762;D-233796
96767;D-233795
96772;D-233794
96782;D-233812
96787;D-233811
96807;D-233823
96812;D-233822
96827;D-233807
96842;D-233816
96847;D-233815
96852;D-233814
96857;D-233817
96862;D-233804
96867;D-233803
96872;D-233802
96882;D-233820
96887;D-233819
96892;D-233818
96897;D-233821
96902;D-233832
96911;D-233833
96919;D-233827
96934;D-233908
96939;D-233907
96954;D-233920
96959;D-233919
96964;D-233918
96974;D-233904
96984;D-233902
96989;D-233905
97014;D-233900
97054;D-233928
97058;D-233927
97090;D-233932
97095;D-233931
97105;D-233933
97110;D-233948
97115;D-233947
97120;D-233946
97125;D-233949
97130;D-233956
97135;D-233955
97140;D-233954
97145;D-233957
97150;D-234036
97155;D-234035
97165;D-234037
97170;D-234048
97175;D-234047
97180;D-234046
97190;D-234032
97195;D-234031
97200;D-234030
97205;D-234033
97210;D-234040
97215;D-234039
97220;D-234038
97225;D-234041
97230;D-234028
97235;D-234027
97250;D-234044
97255;D-234043
97260;D-234042
97265;D-234045
97273;D-234055
97286;D-234051
97298;D-234132
97303;D-234131
97308;D-234130
97313;D-234133
97318;D-234144
97323;D-234143
97328;D-234142
97333;D-234145
97338;D-234128
97344;D-234127
97350;D-234126
97356;D-234129
97362;D-234136
97367;D-234135
97372;D-234134
97377;D-234137
97382;D-234124
97387;D-234123
97392;D-234122
97397;D-234125
97402;D-234140
97407;D-234139
97412;D-234138
97417;D-234141
97422;D-234152
97425;D-234151
97428;D-234150
97431;D-234153
97434;D-234148
97438;D-234147
97442;D-234146
97446;D-234149
97579;D-232947
97623;D-230358
97633;D-230361
97665;D-230076
97675;D-231303
97694;D-229909
97698;D-230061
97705;D-230078
97717;D-230082
97728;D-230085
97732;D-230086
97778;D-232956
97784;D-232957
97794;D-234706
97798;D-234707
97802;D-234708
97806;D-234719
97810;D-230052
97823;D-230101
97837;D-232035
97840;D-232954
97845;D-230148
97850;D-230315
97856;D-232676
97860;D-230969
97873;D-234750
97878;D-232967
97884;D-232953
97892;D-229795
97896;D-232678
97899;D-232679
97902;D-232680
97905;D-232949
97908;D-232966
98200;D-219192
98275;D-219480
98753;D-219420
98756;D-219981
98766;D-219987
98808;D-229708
99353;D-232962
99360;D-233152
99403;D-235819
99674;free01
100263;D-236355
100272;D-236356
100279;D-236357
100417;D-234866
100421;D-235898
100426;D-236397
100605;D-234426
100625;D-234425
100635;D-234423
100651;D-234422
100675;D-236053
100731;D-236069
100743;D-236068
100765;D-236065
100773;D-236057
100781;D-236058
100789;D-236056
100917;D-234703
100929;D-234702
100964;D-234698
101026;D-235653
101109;D-235787
101133;D-235778
101177;D-235792
101236;D-234962
101351;D-234947
101386;D-234964
101394;D-234965
101402;D-234963
101466;D-236326
101482;D-236325
101490;D-234869
101535;D-235905
101579;D-235914
101625;D-235911
101642;D-222671
101650;D-235711
101666;D-235710
101674;D-235714
101690;D-235713
101708;D-235709
101718;D-235707
101744;D-235716
101764;D-235719
101786;D-235704
101794;D-235723
101804;D-235724
101814;D-235722
101832;D-236400
101840;D-236398
101848;D-236402
101856;D-236403
101864;D-236401
101880;D-235725
101927;D-233140
101991;D-236333
101999;D-236332
102063;D-235983
102111;D-235992
102119;D-235990
102143;D-235987
102183;D-236185
102199;D-236184
102207;D-236194
102223;D-236193
102407;D-236418
102423;D-236420
102496;D-236082
102520;D-236083
102526;D-236084
103134;PD5502-29
103224;PD5510-29
103247;PD5607-21
103264;PD5408-23
103282;PD5525-21
103320;PD5643-21
103433;D-236513
103449;D-236508
103507;D-236519
103510;D-236522
103528;D-236526
103531;D-236527
103540;D-236530
103588;PD5539-21
103596;PD5561-21
103602;PD5562-21
103609;PD5603-29
103663;PD5714-21
103819;D-209343
103901;D-209340
103942;D-209341
103945;D-209342
103948;D-220951
104675;D-237777
105375;D-220194
105379;D-220192
105382;D-221057
105389;D-222114
105392;D-228127
105397;D-226768
105400;D-229945
105403;D-229942
105406;D-229944
105409;D-229943
105412;D-221054
105416;D-221056
105421;D-221055
105426;D-228128
105603;D-238165
105609;D-238164
105858;D-231138
105941;D-238075
105947;D-233517
105955;D-233475
105961;D-233476
105967;D-233477
105972;D-233529
105974;D-233493
105984;D-233494
105992;D-238158
105996;D-238159
106000;D-233450
106005;D-233483
106009;D-233484
106013;D-233491
106030;D-233492
106051;D-233500
106074;D-233507
106086;D-238076
106092;D-238425
106097;D-238426
106102;D-238427
106107;D-238428
106112;D-238429
106117;D-238430
106130;D-233489
106171;D-233442
106179;D-233445
106187;D-233446
106207;D-233448
106216;D-233449
106224;D-233451
106235;D-233452
106247;D-233453
106254;D-233454
106263;D-233455
106270;D-233456
106277;D-233457
106286;D-233459
106296;D-233460
106311;D-233462
106318;D-233463
106324;D-233464
106335;D-233468
106346;D-233469
106356;D-233472
106360;D-233474
106367;D-233478
106372;D-233479
106378;D-233480
106382;D-233481
106386;D-233482
106393;D-234935
106399;D-234936
106408;D-236048
106415;D-236049
106422;D-236487
106429;D-236488
106435;D-238115
106442;D-238116
106448;D-233527
106450;D-233525
106455;D-233490
106459;D-233514
106465;D-233515
106470;D-233520
106473;D-233485
106481;D-233486
106499;D-235521
106590;D-238669
106636;D-237724
106649;D-238620
106729;D-238633
106742;D-238636
106852;D-238613
108090;D-238331
108360;D-239289
108369;D-239290
109607;D-237590
109679;D-238142
109706;D-237598
109712;D-237599
109718;D-237600
109724;D-237596
109730;D-237597
109761;D-238140
109768;D-238141
109787;D-234330
109789;D-216597
109830;D-238144
109835;D-234320
109857;D-238137
109914;D-238149
109935;D-232924
109940;D-232925
109975;D-234864
109989;D-234890
110034;D-237588
110101;D-237607
110108;D-237608
110632;D-240532
110636;D-240528
110641;D-240529
110646;D-240530
110650;D-240531
110663;D-240517
110697;D-241187
110702;D-240535
110705;D-240536
110708;D-240537
110712;D-240538
110734;D-241184
110738;D-239976
110750;D-239974
110756;D-239975
110856;D-239973
111941;D-239135
111955;D-239220
111958;D-239221
111964;D-239126
111969;D-239127
111980;D-239138
111986;D-239139
112024;D-239110
112030;D-239122
112038;D-239123
112071;D-239158
112077;D-239159
112083;D-239164
112089;D-239165
112113;D-239175
112121;D-239190
112135;D-239202
112140;D-239203
112149;D-239207
112161;D-241525
112191;D-239128
112194;D-239129
112197;D-239134
112213;D-239149
112220;D-239166
112225;D-239167
112236;D-239181
112239;D-239186
112244;D-239187
112249;D-239188
112252;D-239189
112255;D-239191
112264;D-239218
112266;D-239222
112303;D-239506
112324;D-239508
112332;D-239172
112339;D-239173
112346;D-239178
112358;D-239879
112364;D-239880
112365;D-239881
112402;D-239152
112410;D-239153
112418;D-239176
112425;D-239177
112459;D-239205
112462;D-239214
112465;D-239215
112492;D-239876
112515;D-240085
112539;D-241231
112547;D-241528
112566;D-239090
112576;D-239091
112586;D-239092
112601;D-239093
112616;D-239094
112633;D-239095
112650;D-239096
112661;D-239097
112672;D-239098
112684;D-239099
112698;D-239102
112700;D-239105
112706;D-239106
112718;D-239108
112728;D-239112
112735;D-239113
112749;D-239118
112754;D-239119
112759;D-239120
112764;D-239121
112769;D-239124
112787;D-239131
112793;D-239133
112799;D-239156
112807;D-239157
112815;D-239160
112823;D-239161
112831;D-239162
112861;D-239182
112867;D-239183
112873;D-239196
112881;D-239208
112884;D-239209
112891;D-239227
112898;D-239228
112945;D-239887
112951;D-239888
112952;D-239889
112958;D-239890
113015;D-241529
113039;D-239114
113043;D-239115
113053;D-239148
113078;D-239213
114516;D-241734
114737;D-242126
114742;D-242127
114759;D-242128
114764;D-242129
114771;D-242131
114781;D-242135
114785;D-242130
114798;D-242134
114808;D-242125
114886;D-241368
115095;D-241380
115342;D-241361
115408;D-241323
115418;D-241330
115515;D-241320
115552;D-241359
115560;D-241322
115928;D-241560
115946;D-241553
115999;D-241554
116008;D-241555
116211;D-242156
116222;D-242157
116718;D-242637
116811;D-241701
116956;D-241627
116959;D-242259
116962;D-242258
116968;D-242235
116980;D-242255
116983;D-242251
116986;D-242253
117000;D-242250
117003;D-242252
118093;D-227077-1
118184;D-241755
118192;D-241756
118200;D-241757
118253;D-239491
118259;D-241934
119062;D-241956
119070;D-241957
119617;D-242793
119698;D-243063
119701;D-243064
119704;D-243065
119793;D-243057
120149;D-243043
120165;D-243019
120170;D-243020
120182;D-243022
120188;D-243023
120194;D-243024
120200;D-243025
120206;D-243026
120218;D-243027
120228;D-243028
120246;D-243029
120250;D-243030
121957;D-242698
122943;D-244380
123165;D-244350
123181;D-244321
123187;D-244322
123193;D-244323
123199;D-244324
123205;D-244325
123211;D-244326
123217;D-244327
123223;D-244328
123945;D-244539
124188;D-244497
124776;D-244496
124857;D-244645
124866;D-244646
125100;free005
125107;D-244069
125580;D-235920
125587;PD4422-23
125616;D-236554
125619;D-236535
125785;D-244670
125789;D-244671
125793;D-244672
125797;D-244673
125973;D-244813
126122;D-244897
127121;D-244915
127128;D-244336
127131;D-244337
127134;D-244338
127137;D-244339
127714;D-243824
127793;D-243818
128246;D-244164
128256;D-244216
128264;D-244217
128493;D-242114
128646;D-243012
128664;D-235700
128755;D-238406
130032;D-242306
132426;D- 245752
132429;D- 245753
132432;D- 245754
132437;D- 245755
132442;D- 245756
132487;D-245871
133473;D-246345
