id;sku;elso_datum;hianyzo_napok;statusz
32025;D-201578;2026-08-05;9;HIANYZIK
32027;D-202630;2026-08-05;9;HIANYZIK
32086;D-209330;2026-08-05;9;HIANYZIK
32116;D-210566;2026-08-05;9;HIANYZIK
32150;D-212495;2026-08-05;9;HIANYZIK
32155;D-212497;2026-08-05;9;HIANYZIK
32167;D-213001;2026-08-05;9;HIANYZIK
32204;D-213831;2026-08-05;9;HIANYZIK
32223;D-215342;2026-08-05;9;HIANYZIK
32229;D-215893;2026-08-05;9;HIANYZIK
32245;D-216304;2026-08-05;9;HIANYZIK
32262;D-218001;2026-08-05;9;HIANYZIK
32273;D-218007;2026-08-05;9;HIANYZIK
32284;D-218384;2026-08-05;9;HIANYZIK
32371;D-220376;2026-08-05;9;HIANYZIK
32444;D-221968;2026-08-05;9;HIANYZIK
32449;D-222113;2026-08-05;9;HIANYZIK
32455;D-222334;2026-08-05;9;HIANYZIK
32476;D-222805;2026-08-05;9;HIANYZIK
32494;D-222944;2026-08-05;9;HIANYZIK
32499;D-223344;2026-08-05;9;HIANYZIK
32571;D-227050;2026-08-05;9;HIANYZIK
32581;D-227177;2026-08-05;9;HIANYZIK
32595;D-227397;2026-08-05;9;HIANYZIK
32599;D-227496;2026-08-05;9;HIANYZIK
32600;D-227502;2026-08-05;9;HIANYZIK
32602;D-227581;2026-08-05;9;HIANYZIK
32606;D-227585;2026-08-05;9;HIANYZIK
32688;D-228374;2026-08-05;9;HIANYZIK
32715;D-7908 BLACK;2026-08-05;9;HIANYZIK
32737;PD2961-00;2026-08-05;9;HIANYZIK
32741;PD3262-23;2026-08-05;9;HIANYZIK
32753;PD3882-24;2026-08-05;9;HIANYZIK
32789;PD4556-23;2026-08-05;9;HIANYZIK
32807;9750 WHITE;2026-08-05;9;HIANYZIK
32808;D-194437;2026-08-05;9;HIANYZIK
32819;D-201615;2026-08-05;9;HIANYZIK
32843;D-207771;2026-08-05;9;HIANYZIK
32861;D-210532;2026-08-05;9;HIANYZIK
32878;D-212494;2026-08-05;9;HIANYZIK
32887;D-213833;2026-08-05;9;HIANYZIK
32891;D-215314;2026-08-05;9;HIANYZIK
32907;D-217902;2026-08-05;9;HIANYZIK
32925;D-219400;2026-08-05;9;HIANYZIK
32929;D-219963;2026-08-05;9;HIANYZIK
32935;D-220348;2026-08-05;9;HIANYZIK
32936;D-220412;2026-08-05;9;HIANYZIK
32959;D-222110;2026-08-05;9;HIANYZIK
32961;D-222279;2026-08-05;9;HIANYZIK
32976;D-222943;2026-08-05;9;HIANYZIK
32979;D-223129;2026-08-05;9;HIANYZIK
32997;D-223951;2026-08-05;9;HIANYZIK
33016;D-227337;2026-08-05;9;HIANYZIK
33017;D-227342;2026-08-05;9;HIANYZIK
33019;D-227347;2026-08-05;9;HIANYZIK
33020;D-227411;2026-08-05;9;HIANYZIK
33021;D-227483;2026-08-05;9;HIANYZIK
33023;D-227547;2026-08-05;9;HIANYZIK
33024;D-227582;2026-08-05;9;HIANYZIK
33028;D-227706;2026-08-05;9;HIANYZIK
33029;D-227725;2026-08-05;9;HIANYZIK
33048;D-228537;2026-08-05;9;HIANYZIK
33054;D23-194049;2026-08-05;9;HIANYZIK
33086;6906 BLACK;2026-08-05;9;HIANYZIK
33091;D-195884;2026-08-05;9;HIANYZIK
33112;D-202660;2026-08-05;9;HIANYZIK
33135;D-210520;2026-08-05;9;HIANYZIK
33140;D-212412;2026-08-05;9;HIANYZIK
33148;D-213767;2026-08-05;9;HIANYZIK
33157;D-218002;2026-08-05;9;HIANYZIK
33159;D-218221;2026-08-05;9;HIANYZIK
33180;D-220350;2026-08-05;9;HIANYZIK
33182;D-220496;2026-08-05;9;HIANYZIK
33183;D-220653;2026-08-05;9;HIANYZIK
33186;D-220766;2026-08-05;9;HIANYZIK
33196;D-222111;2026-08-05;9;HIANYZIK
33212;D-223122;2026-08-05;9;HIANYZIK
33213;D-223840;2026-08-05;9;HIANYZIK
33214;D-224014;2026-08-05;9;HIANYZIK
33231;D-226987;2026-08-05;9;HIANYZIK
33233;D-227026;2026-08-05;9;HIANYZIK
33261;D-227474;2026-08-05;9;HIANYZIK
33262;D-227493;2026-08-05;9;HIANYZIK
33263;D-227507;2026-08-05;9;HIANYZIK
33264;D-227514;2026-08-05;9;HIANYZIK
33265;D-227584;2026-08-05;9;HIANYZIK
33270;D-227733;2026-08-05;9;HIANYZIK
33276;D-228126;2026-08-05;9;HIANYZIK
33279;D-228379;2026-08-05;9;HIANYZIK
33289;PD2139-00;2026-08-05;9;HIANYZIK
33301;1001 NUDE;2026-08-05;9;HIANYZIK
33304;9303 BLACK;2026-08-05;9;HIANYZIK
33333;D-202683;2026-08-05;9;HIANYZIK
33354;D-210550;2026-08-05;9;HIANYZIK
33364;D-213725;2026-08-05;9;HIANYZIK
33399;D-218004;2026-08-05;9;HIANYZIK
33401;D-218197;2026-08-05;9;HIANYZIK
33411;D-218629;2026-08-05;9;HIANYZIK
33432;D-220228;2026-08-05;9;HIANYZIK
33446;D-220642;2026-08-05;9;HIANYZIK
33447;D-220644;2026-08-05;9;HIANYZIK
33452;D-220795;2026-08-05;9;HIANYZIK
33454;D-220796;2026-08-05;9;HIANYZIK
33456;D-220797;2026-08-05;9;HIANYZIK
33459;D-220919;2026-08-05;9;HIANYZIK
33471;D-221965;2026-08-05;9;HIANYZIK
33473;D-222109;2026-08-05;9;HIANYZIK
33474;D-222182;2026-08-05;9;HIANYZIK
33476;D-222278;2026-08-05;9;HIANYZIK
33479;D-222317;2026-08-05;9;HIANYZIK
33514;D-225435;2026-08-05;9;HIANYZIK
33521;D-227049;2026-08-05;9;HIANYZIK
33527;D-227437;2026-08-05;9;HIANYZIK
33528;D-227472;2026-08-05;9;HIANYZIK
33529;D-227513;2026-08-05;9;HIANYZIK
33533;D-228013;2026-08-05;9;HIANYZIK
33534;D-228016;2026-08-05;9;HIANYZIK
33536;D-228029;2026-08-05;9;HIANYZIK
33548;D-228435;2026-08-05;9;HIANYZIK
33564;PD1516-21;2026-08-05;9;HIANYZIK
33567;PD3222-00;2026-08-05;9;HIANYZIK
33576;PD5401-21;2026-08-05;9;HIANYZIK
33584;D-197786;2026-08-05;9;HIANYZIK
33612;D-212998;2026-08-05;9;HIANYZIK
33642;D-218198;2026-08-05;9;HIANYZIK
33648;D-218290;2026-08-05;9;HIANYZIK
33670;D-221042;2026-08-05;9;HIANYZIK
33679;D-221971;2026-08-05;9;HIANYZIK
33699;D-223560;2026-08-05;9;HIANYZIK
33700;D-223562;2026-08-05;9;HIANYZIK
33710;D-225628;2026-08-05;9;HIANYZIK
33727;D-227336;2026-08-05;9;HIANYZIK
33728;D-227396;2026-08-05;9;HIANYZIK
33729;D-227414;2026-08-05;9;HIANYZIK
33731;D-227505;2026-08-05;9;HIANYZIK
33732;D-227518;2026-08-05;9;HIANYZIK
33733;D-227521;2026-08-05;9;HIANYZIK
33734;D-227577;2026-08-05;9;HIANYZIK
33755;PD1393-21;2026-08-05;9;HIANYZIK
33779;D-201616;2026-08-05;9;HIANYZIK
33799;D-207300;2026-08-05;9;HIANYZIK
33801;D-207384;2026-08-05;9;HIANYZIK
33821;D-216343;2026-08-05;9;HIANYZIK
33828;D-216856;2026-08-05;9;HIANYZIK
33837;D-220352;2026-08-05;9;HIANYZIK
33853;D-222300;2026-08-05;9;HIANYZIK
33865;D-223832;2026-08-05;9;HIANYZIK
33890;D-227501;2026-08-05;9;HIANYZIK
33891;D-227522;2026-08-05;9;HIANYZIK
33892;D-227578;2026-08-05;9;HIANYZIK
33893;D-227583;2026-08-05;9;HIANYZIK
33894;D-227602;2026-08-05;9;HIANYZIK
33898;D-227724;2026-08-05;9;HIANYZIK
33899;D-227728;2026-08-05;9;HIANYZIK
33917;PD4118-21;2026-08-05;9;HIANYZIK
33920;TNH-003;2026-08-05;9;HIANYZIK
33930;D-196693;2026-08-05;9;HIANYZIK
33952;D-201738;2026-08-05;9;HIANYZIK
33958;D-203368;2026-08-05;9;HIANYZIK
34004;D-220411;2026-08-05;9;HIANYZIK
34006;D-220416;2026-08-05;9;HIANYZIK
34008;D-220565;2026-08-05;9;HIANYZIK
34015;D-221849;2026-08-05;9;HIANYZIK
34016;D-222104;2026-08-05;9;HIANYZIK
34040;D-225624;2026-08-05;9;HIANYZIK
34042;D-226608;2026-08-05;9;HIANYZIK
34043;D-226742;2026-08-05;9;HIANYZIK
34044;D-226743;2026-08-05;9;HIANYZIK
34047;D-226874;2026-08-05;9;HIANYZIK
34054;D-227523;2026-08-05;9;HIANYZIK
34055;D-227594;2026-08-05;9;HIANYZIK
34057;D-227697;2026-08-05;9;HIANYZIK
34058;D-227729;2026-08-05;9;HIANYZIK
34074;D-228440;2026-08-05;9;HIANYZIK
34086;PD2189-00;2026-08-05;9;HIANYZIK
34098;D-194588;2026-08-05;9;HIANYZIK
34104;D-197710;2026-08-05;9;HIANYZIK
34136;D-213832;2026-08-05;9;HIANYZIK
34137;D-213990;2026-08-05;9;HIANYZIK
34151;D-219517;2026-08-05;9;HIANYZIK
34177;D-222294;2026-08-05;9;HIANYZIK
34201;D-227438;2026-08-05;9;HIANYZIK
34202;D-227477;2026-08-05;9;HIANYZIK
34203;D-227532;2026-08-05;9;HIANYZIK
34204;D-227606;2026-08-05;9;HIANYZIK
34205;D-227682;2026-08-05;9;HIANYZIK
34206;D-227723;2026-08-05;9;HIANYZIK
34207;D-227730;2026-08-05;9;HIANYZIK
34210;D-228439;2026-08-05;9;HIANYZIK
34228;PD3947-21;2026-08-05;9;HIANYZIK
34229;PD4405-23;2026-08-05;9;HIANYZIK
34237;1061 BLACK;2026-08-05;9;HIANYZIK
34243;D-197673;2026-08-05;9;HIANYZIK
34272;D-215555;2026-08-05;9;HIANYZIK
34277;D-216576;2026-08-05;9;HIANYZIK
34299;D-221834;2026-08-05;9;HIANYZIK
34326;D-227368;2026-08-05;9;HIANYZIK
34329;D-227684;2026-08-05;9;HIANYZIK
34384;D-211750;2026-08-05;9;HIANYZIK
34388;D-212603;2026-08-05;9;HIANYZIK
34409;D-219818;2026-08-05;9;HIANYZIK
34413;D-220316;2026-08-05;9;HIANYZIK
34426;D-221972;2026-08-05;9;HIANYZIK
34456;D-227432;2026-08-05;9;HIANYZIK
34457;D-227475;2026-08-05;9;HIANYZIK
34462;D-227579;2026-08-05;9;HIANYZIK
34463;D-227589;2026-08-05;9;HIANYZIK
34464;D-227608;2026-08-05;9;HIANYZIK
34466;D-227704;2026-08-05;9;HIANYZIK
34467;D-227738;2026-08-05;9;HIANYZIK
34489;D-195233;2026-08-05;9;HIANYZIK
34503;D-203233;2026-08-05;9;HIANYZIK
34523;D-212713;2026-08-05;9;HIANYZIK
34544;D-221969;2026-08-05;9;HIANYZIK
34583;D-227405;2026-08-05;9;HIANYZIK
34584;D-227430;2026-08-05;9;HIANYZIK
34585;D-227469;2026-08-05;9;HIANYZIK
34586;D-227588;2026-08-05;9;HIANYZIK
34587;D-227683;2026-08-05;9;HIANYZIK
34588;D-227944;2026-08-05;9;HIANYZIK
34589;D-228124;2026-08-05;9;HIANYZIK
34614;D-199886;2026-08-05;9;HIANYZIK
34630;D-207769;2026-08-05;9;HIANYZIK
34643;D-212479;2026-08-05;9;HIANYZIK
34645;D-213052;2026-08-05;9;HIANYZIK
34675;D-219502;2026-08-05;9;HIANYZIK
34687;D-222401;2026-08-05;9;HIANYZIK
34693;D-223126;2026-08-05;9;HIANYZIK
34704;D-223567;2026-08-05;9;HIANYZIK
34719;D-227404;2026-08-05;9;HIANYZIK
34721;D-227702;2026-08-05;9;HIANYZIK
34722;D-228125;2026-08-05;9;HIANYZIK
34751;D-195205;2026-08-05;9;HIANYZIK
34791;D-219499;2026-08-05;9;HIANYZIK
34818;D-227402;2026-08-05;9;HIANYZIK
34822;D-227435;2026-08-05;9;HIANYZIK
34824;D-227737;2026-08-05;9;HIANYZIK
34830;D-228123;2026-08-05;9;HIANYZIK
34840;D26-3023;2026-08-05;9;HIANYZIK
34852;D-199901;2026-08-05;9;HIANYZIK
34880;D-218892;2026-08-05;9;HIANYZIK
34891;D-220530;2026-08-05;9;HIANYZIK
34894;D-221048;2026-08-05;9;HIANYZIK
34902;D-222254;2026-08-05;9;HIANYZIK
34903;D-222397;2026-08-05;9;HIANYZIK
34906;D-223128;2026-08-05;9;HIANYZIK
34917;D-226738;2026-08-05;9;HIANYZIK
34921;D-227408;2026-08-05;9;HIANYZIK
34922;D-227478;2026-08-05;9;HIANYZIK
34926;D-227491;2026-08-05;9;HIANYZIK
34927;D-227595;2026-08-05;9;HIANYZIK
34928;D-227601;2026-08-05;9;HIANYZIK
34929;D-228019;2026-08-05;9;HIANYZIK
34930;D-228021;2026-08-05;9;HIANYZIK
34945;D-195889;2026-08-05;9;HIANYZIK
34986;D-219412;2026-08-05;9;HIANYZIK
34991;D-220656;2026-08-05;9;HIANYZIK
35013;D-227073;2026-08-05;9;HIANYZIK
35016;D-227445;2026-08-05;9;HIANYZIK
35018;D-227703;2026-08-05;9;HIANYZIK
35036;D-205756;2026-08-05;9;HIANYZIK
35040;D-211388;2026-08-05;9;HIANYZIK
35043;D-212563;2026-08-05;9;HIANYZIK
35057;D-219093;2026-08-05;9;HIANYZIK
35061;D-219497;2026-08-05;9;HIANYZIK
35072;D-222024;2026-08-05;9;HIANYZIK
35099;D-227482;2026-08-05;9;HIANYZIK
35100;D-227686;2026-08-05;9;HIANYZIK
35104;D-227719;2026-08-05;9;HIANYZIK
35111;D-228020;2026-08-05;9;HIANYZIK
35151;D-217901;2026-08-05;9;HIANYZIK
35162;D-222398;2026-08-05;9;HIANYZIK
35163;D-223424;2026-08-05;9;HIANYZIK
35173;D-227548;2026-08-05;9;HIANYZIK
35174;D-227721;2026-08-05;9;HIANYZIK
35180;D-228663;2026-08-05;9;HIANYZIK
35191;D-202681;2026-08-05;9;HIANYZIK
35201;D-213292;2026-08-05;9;HIANYZIK
35215;D-220763;2026-08-05;9;HIANYZIK
35225;D-224067;2026-08-05;9;HIANYZIK
35227;D-225059;2026-08-05;9;HIANYZIK
35232;D-227362;2026-08-05;9;HIANYZIK
35233;D-227409;2026-08-05;9;HIANYZIK
35238;D-227490;2026-08-05;9;HIANYZIK
35288;D-223425;2026-08-05;9;HIANYZIK
35300;D-227580;2026-08-05;9;HIANYZIK
35301;D-227587;2026-08-05;9;HIANYZIK
35321;D-202684;2026-08-05;9;HIANYZIK
35323;D-207378;2026-08-05;9;HIANYZIK
35330;D-219112;2026-08-05;9;HIANYZIK
35336;D-222277;2026-08-05;9;HIANYZIK
35353;D-227029;2026-08-05;9;HIANYZIK
35357;D-227494;2026-08-05;9;HIANYZIK
35358;D-227504;2026-08-05;9;HIANYZIK
35361;D-227739;2026-08-05;9;HIANYZIK
35367;TNH-002;2026-08-05;9;HIANYZIK
35377;D-207385;2026-08-05;9;HIANYZIK
35380;D-211862;2026-08-05;9;HIANYZIK
35383;D-212474;2026-08-05;9;HIANYZIK
35388;D-216416;2026-08-05;9;HIANYZIK
35399;D-223571;2026-08-05;9;HIANYZIK
35408;D-227605;2026-08-05;9;HIANYZIK
35409;D-227705;2026-08-05;9;HIANYZIK
35412;D-228796;2026-08-05;9;HIANYZIK
35418;D-201474;2026-08-05;9;HIANYZIK
35432;D-213985;2026-08-05;9;HIANYZIK
35440;D-222315;2026-08-05;9;HIANYZIK
35451;D-227071;2026-08-05;9;HIANYZIK
35452;D-227353;2026-08-05;9;HIANYZIK
35453;D-227436;2026-08-05;9;HIANYZIK
35454;D-227473;2026-08-05;9;HIANYZIK
35458;D-227499;2026-08-05;9;HIANYZIK
35484;D-212476;2026-08-05;9;HIANYZIK
35485;D-215558;2026-08-05;9;HIANYZIK
35489;D-218133;2026-08-05;9;HIANYZIK
35503;D-223570;2026-08-05;9;HIANYZIK
35508;D-227520;2026-08-05;9;HIANYZIK
35509;D-227607;2026-08-05;9;HIANYZIK
35513;D-227708;2026-08-05;9;HIANYZIK
35517;D-227740;2026-08-05;9;HIANYZIK
35550;D-218196;2026-08-05;9;HIANYZIK
35568;D-227444;2026-08-05;9;HIANYZIK
35569;D-227500;2026-08-05;9;HIANYZIK
35572;D-227707;2026-08-05;9;HIANYZIK
35584;D-195204;2026-08-05;9;HIANYZIK
35594;D-211120;2026-08-05;9;HIANYZIK
35595;D-211365;2026-08-05;9;HIANYZIK
35599;D-215547;2026-08-05;9;HIANYZIK
35605;D-219416;2026-08-05;9;HIANYZIK
35611;D-222103;2026-08-05;9;HIANYZIK
35613;D-223203;2026-08-05;9;HIANYZIK
35629;D-226606;2026-08-05;9;HIANYZIK
35636;D-227701;2026-08-05;9;HIANYZIK
35639;D-228662;2026-08-05;9;HIANYZIK
35640;D-228785;2026-08-05;9;HIANYZIK
35648;D-199888;2026-08-05;9;HIANYZIK
35662;D-216414;2026-08-05;9;HIANYZIK
35679;D-223420;2026-08-05;9;HIANYZIK
35685;D-227194;2026-08-05;9;HIANYZIK
35687;D-227465;2026-08-05;9;HIANYZIK
35688;D-227503;2026-08-05;9;HIANYZIK
35691;D-228787;2026-08-05;9;HIANYZIK
35716;D-196971;2026-08-05;9;HIANYZIK
35724;D-207068;2026-08-05;9;HIANYZIK
35730;D-211783;2026-08-05;9;HIANYZIK
35744;D-220918;2026-08-05;9;HIANYZIK
35752;D-227480;2026-08-05;9;HIANYZIK
35753;D-227509;2026-08-05;9;HIANYZIK
35754;D-227717;2026-08-05;9;HIANYZIK
35755;D-227735;2026-08-05;9;HIANYZIK
35774;D-197679;2026-08-05;9;HIANYZIK
35776;D-199873;2026-08-05;9;HIANYZIK
35785;D-210525;2026-08-05;9;HIANYZIK
35786;D-211148;2026-08-05;9;HIANYZIK
35800;D-223578;2026-08-05;9;HIANYZIK
35801;D-224027;2026-08-05;9;HIANYZIK
35809;D-227434;2026-08-05;9;HIANYZIK
35810;D-227498;2026-08-05;9;HIANYZIK
35812;D-228436;2026-08-05;9;HIANYZIK
35828;D-194434;2026-08-05;9;HIANYZIK
35849;D-224942;2026-08-05;9;HIANYZIK
35856;D-525250;2026-08-05;9;HIANYZIK
35871;D-211896;2026-08-05;9;HIANYZIK
35874;D-213742;2026-08-05;9;HIANYZIK
35876;D-216577;2026-08-05;9;HIANYZIK
35890;D-224948;2026-08-05;9;HIANYZIK
35918;D-221049;2026-08-05;9;HIANYZIK
35921;D-222333;2026-08-05;9;HIANYZIK
35922;D-222486;2026-08-05;9;HIANYZIK
35926;D-227200;2026-08-05;9;HIANYZIK
35928;D-227255;2026-08-05;9;HIANYZIK
35930;D-227346;2026-08-05;9;HIANYZIK
35956;D-213178;2026-08-05;9;HIANYZIK
35957;D-215540;2026-08-05;9;HIANYZIK
35962;D-218694;2026-08-05;9;HIANYZIK
35968;D-221050;2026-08-05;9;HIANYZIK
35972;D-223554;2026-08-05;9;HIANYZIK
35975;D-227741;2026-08-05;9;HIANYZIK
35987;D-199875;2026-08-05;9;HIANYZIK
35989;D-202661;2026-08-05;9;HIANYZIK
35996;D-213984;2026-08-05;9;HIANYZIK
35997;D-215490;2026-08-05;9;HIANYZIK
36002;D-220923;2026-08-05;9;HIANYZIK
36009;D-223572;2026-08-05;9;HIANYZIK
36019;D-227742;2026-08-05;9;HIANYZIK
36029;D-201461;2026-08-05;9;HIANYZIK
36051;D-224947;2026-08-05;9;HIANYZIK
36053;D-227431;2026-08-05;9;HIANYZIK
36059;D-197684;2026-08-05;9;HIANYZIK
36067;D-219169;2026-08-05;9;HIANYZIK
36069;D-220232;2026-08-05;9;HIANYZIK
36070;D-220977;2026-08-05;9;HIANYZIK
36081;D-227681;2026-08-05;9;HIANYZIK
36083;D-228466;2026-08-05;9;HIANYZIK
36105;D-218456;2026-08-05;9;HIANYZIK
36108;D-221026;2026-08-05;9;HIANYZIK
36123;D-210642;2026-08-05;9;HIANYZIK
36128;D-212170;2026-08-05;9;HIANYZIK
36142;D-224945;2026-08-05;9;HIANYZIK
36144;D-227492;2026-08-05;9;HIANYZIK
36145;D-227531;2026-08-05;9;HIANYZIK
36150;D-194984;2026-08-05;9;HIANYZIK
36152;D-199903;2026-08-05;9;HIANYZIK
36159;D-208974;2026-08-05;9;HIANYZIK
36178;D-227035;2026-08-05;9;HIANYZIK
36179;D-227038;2026-08-05;9;HIANYZIK
36186;D-196689;2026-08-05;9;HIANYZIK
36195;D-213004;2026-08-05;9;HIANYZIK
36204;D-224168;2026-08-05;9;HIANYZIK
36207;D-225630;2026-08-05;9;HIANYZIK
36208;D-226830;2026-08-05;9;HIANYZIK
36210;D-227476;2026-08-05;9;HIANYZIK
36226;D-212169;2026-08-05;9;HIANYZIK
36230;D-222081;2026-08-05;9;HIANYZIK
36232;D-223575;2026-08-05;9;HIANYZIK
36245;D-224946;2026-08-05;9;HIANYZIK
36252;D-226739;2026-08-05;9;HIANYZIK
36256;D-227685;2026-08-05;9;HIANYZIK
36260;D-228353;2026-08-05;9;HIANYZIK
36268;D-210498;2026-08-05;9;HIANYZIK
36289;194245;2026-08-05;9;HIANYZIK
36291;194251;2026-08-05;9;HIANYZIK
36293;D-23617;2026-08-05;9;HIANYZIK
36302;D-194376;2026-08-05;9;HIANYZIK
36303;D-194430;2026-08-05;9;HIANYZIK
36304;D-194435;2026-08-05;9;HIANYZIK
36335;D-196480;2026-08-05;9;HIANYZIK
36347;D-197676;2026-08-05;9;HIANYZIK
36348;D-197677;2026-08-05;9;HIANYZIK
36352;D-197787;2026-08-05;9;HIANYZIK
36372;D-199076;2026-08-05;9;HIANYZIK
36373;D-199077;2026-08-05;9;HIANYZIK
36387;D-199868;2026-08-05;9;HIANYZIK
36388;D-199870;2026-08-05;9;HIANYZIK
36389;D-199871;2026-08-05;9;HIANYZIK
36390;D-199872;2026-08-05;9;HIANYZIK
36406;D-201458;2026-08-05;9;HIANYZIK
36407;D-201462;2026-08-05;9;HIANYZIK
36409;D-201467;2026-08-05;9;HIANYZIK
36414;D-201540;2026-08-05;9;HIANYZIK
36453;D-202664;2026-08-05;9;HIANYZIK
36456;D-202666;2026-08-05;9;HIANYZIK
36458;D-202671;2026-08-05;9;HIANYZIK
36464;D-202700;2026-08-05;9;HIANYZIK
36473;D-202733;2026-08-05;9;HIANYZIK
36502;D-205243;2026-08-05;9;HIANYZIK
36519;D-206076;2026-08-05;9;HIANYZIK
36520;D-207063;2026-08-05;9;HIANYZIK
36527;D-207391;2026-08-05;9;HIANYZIK
36561;D-210810;2026-08-05;9;HIANYZIK
36563;D-210870;2026-08-05;9;HIANYZIK
36572;D-211194;2026-08-05;9;HIANYZIK
36579;D-211379;2026-08-05;9;HIANYZIK
36582;D-211395;2026-08-05;9;HIANYZIK
36583;D-211396;2026-08-05;7;VISSZATERI
36585;D-211501;2026-08-05;9;HIANYZIK
36603;D-211806;2026-08-05;9;HIANYZIK
36620;D-211984;2026-08-05;9;HIANYZIK
36623;D-211987;2026-08-05;9;HIANYZIK
36644;D-212296;2026-08-05;9;HIANYZIK
36649;D-212301;2026-08-05;9;HIANYZIK
36651;D-212303;2026-08-05;9;HIANYZIK
36665;D-212540;2026-08-05;9;HIANYZIK
36666;D-212612;2026-08-05;9;HIANYZIK
36668;D-212692;2026-08-05;9;HIANYZIK
36688;D-213005;2026-08-05;9;HIANYZIK
36715;D-213234;2026-08-05;9;HIANYZIK
36746;D-213328;2026-08-05;9;HIANYZIK
36784;D-215000;2026-08-05;9;HIANYZIK
36818;D-215199;2026-08-05;9;HIANYZIK
36823;D-215489;2026-08-05;9;HIANYZIK
36824;D-215539;2026-08-05;9;HIANYZIK
36825;D-215548;2026-08-05;9;HIANYZIK
36827;D-215551;2026-08-05;9;HIANYZIK
36914;D-216599;2026-08-05;9;HIANYZIK
36934;D-217992;2026-08-05;9;HIANYZIK
36974;D-218470;2026-08-05;9;HIANYZIK
37010;D-218623;2026-08-05;9;HIANYZIK
37024;D-218731;2026-08-05;9;HIANYZIK
37053;D-219092;2026-08-05;9;HIANYZIK
37056;D-219105;2026-08-05;9;HIANYZIK
37057;D-219106;2026-08-05;9;HIANYZIK
37058;D-219107;2026-08-05;9;HIANYZIK
37059;D-219121;2026-08-05;9;HIANYZIK
37069;D-219170;2026-08-05;9;HIANYZIK
37070;D-219172;2026-08-05;9;HIANYZIK
37099;D-220062;2026-08-05;9;HIANYZIK
37100;D-220063;2026-08-05;9;HIANYZIK
37200;D-221122;2026-08-05;9;HIANYZIK
37289;D-221316;2026-08-05;9;HIANYZIK
37306;D-221654;2026-08-05;9;HIANYZIK
37341;D-222082;2026-08-05;9;HIANYZIK
37342;D-222164;2026-08-05;9;HIANYZIK
37348;D-222251;2026-08-05;9;HIANYZIK
37425;D-223396;2026-08-05;9;HIANYZIK
37429;D-223416;2026-08-05;9;HIANYZIK
37433;D-223426;2026-08-05;9;HIANYZIK
37445;D-223566;2026-08-05;9;HIANYZIK
37446;D-223574;2026-08-05;9;HIANYZIK
37448;D-223831;2026-08-05;9;HIANYZIK
37460;D-223993;2026-08-05;9;HIANYZIK
37462;D-224081;2026-08-05;9;HIANYZIK
37470;D-224082;2026-08-05;9;HIANYZIK
37523;D-224943;2026-08-05;9;HIANYZIK
37545;D-225360;2026-08-05;9;HIANYZIK
37558;D-225375;2026-08-05;9;HIANYZIK
37569;D-225440;2026-08-05;9;HIANYZIK
37570;D-225441;2026-08-05;9;HIANYZIK
37571;D-225442;2026-08-05;9;HIANYZIK
37572;D-225443;2026-08-05;9;HIANYZIK
37573;D-225444;2026-08-05;9;HIANYZIK
37574;D-225445;2026-08-05;9;HIANYZIK
37575;D-225446;2026-08-05;9;HIANYZIK
37576;D-225447;2026-08-05;9;HIANYZIK
37577;D-225448;2026-08-05;9;HIANYZIK
37578;D-225449;2026-08-05;9;HIANYZIK
37580;D-225461;2026-08-05;9;HIANYZIK
37581;D-225462;2026-08-05;9;HIANYZIK
37582;D-225463;2026-08-05;9;HIANYZIK
37583;D-225464;2026-08-05;9;HIANYZIK
37584;D-225465;2026-08-05;9;HIANYZIK
37586;D-225467;2026-08-05;9;HIANYZIK
37587;D-225468;2026-08-05;9;HIANYZIK
37588;D-225469;2026-08-05;9;HIANYZIK
37589;D-225470;2026-08-05;9;HIANYZIK
37590;D-225471;2026-08-05;9;HIANYZIK
37591;D-225472;2026-08-05;9;HIANYZIK
37592;D-225473;2026-08-05;9;HIANYZIK
37593;D-225474;2026-08-05;9;HIANYZIK
37622;D-225580;2026-08-05;9;HIANYZIK
37627;D-225581;2026-08-05;9;HIANYZIK
37652;D-225622;2026-08-05;9;HIANYZIK
37655;D-225732;2026-08-05;9;HIANYZIK
37661;D-225780;2026-08-05;9;HIANYZIK
37665;D-225824;2026-08-05;9;HIANYZIK
37668;D-225827;2026-08-05;9;HIANYZIK
37671;D-225830;2026-08-05;9;HIANYZIK
37682;D-226683;2026-08-05;9;HIANYZIK
37683;D-226684;2026-08-05;9;HIANYZIK
37684;D-226685;2026-08-05;9;HIANYZIK
37685;D-226686;2026-08-05;9;HIANYZIK
37686;D-226687;2026-08-05;9;HIANYZIK
37745;D-226945;2026-08-05;9;HIANYZIK
37746;D-226947;2026-08-05;9;HIANYZIK
37755;D-227031;2026-08-05;9;HIANYZIK
37756;D-227032;2026-08-05;9;HIANYZIK
37757;D-227033;2026-08-05;9;HIANYZIK
37758;D-227034;2026-08-05;9;HIANYZIK
37759;D-227036;2026-08-05;9;HIANYZIK
37760;D-227039;2026-08-05;9;HIANYZIK
37761;D-227060;2026-08-05;9;HIANYZIK
37763;D-227062;2026-08-05;9;HIANYZIK
37797;D-227196;2026-08-05;9;HIANYZIK
37798;D-227197;2026-08-05;9;HIANYZIK
37799;D-227198;2026-08-05;9;HIANYZIK
37800;D-227199;2026-08-05;9;HIANYZIK
37807;D-227209;2026-08-05;9;HIANYZIK
37836;D-227253;2026-08-05;9;HIANYZIK
37837;D-227256;2026-08-05;9;HIANYZIK
37838;D-227257;2026-08-05;9;HIANYZIK
37839;D-227258;2026-08-05;9;HIANYZIK
37840;D-227259;2026-08-05;9;HIANYZIK
37841;D-227260;2026-08-05;9;HIANYZIK
37842;D-227261;2026-08-05;9;HIANYZIK
37843;D-227264;2026-08-05;9;HIANYZIK
37844;D-227265;2026-08-05;9;HIANYZIK
37845;D-227266;2026-08-05;9;HIANYZIK
37846;D-227267;2026-08-05;9;HIANYZIK
37847;D-227268;2026-08-05;9;HIANYZIK
37848;D-227269;2026-08-05;9;HIANYZIK
37855;D-227282;2026-08-05;9;HIANYZIK
37856;D-227284;2026-08-05;9;HIANYZIK
37858;D-227286;2026-08-05;9;HIANYZIK
37859;D-227287;2026-08-05;9;HIANYZIK
37881;D-227313;2026-08-05;9;HIANYZIK
37896;D-227441;2026-08-05;9;HIANYZIK
37897;D-227442;2026-08-05;9;HIANYZIK
37898;D-227443;2026-08-05;9;HIANYZIK
37899;D-227446;2026-08-05;9;HIANYZIK
37911;D-227448;2026-08-05;9;HIANYZIK
37912;D-227449;2026-08-05;9;HIANYZIK
37924;D-227466;2026-08-05;9;HIANYZIK
37925;D-227512;2026-08-05;9;HIANYZIK
37926;D-227517;2026-08-05;9;HIANYZIK
37930;D-227519;2026-08-05;9;HIANYZIK
37934;D-227546;2026-08-05;9;HIANYZIK
37937;D-227610;2026-08-05;9;HIANYZIK
37947;D-227620;2026-08-05;9;HIANYZIK
37948;D-227621;2026-08-05;9;HIANYZIK
37949;D-227622;2026-08-05;9;HIANYZIK
37950;D-227623;2026-08-05;9;HIANYZIK
37952;D-227625;2026-08-05;9;HIANYZIK
37953;D-227626;2026-08-05;9;HIANYZIK
37954;D-227627;2026-08-05;9;HIANYZIK
37955;D-227628;2026-08-05;9;HIANYZIK
37968;D-227746;2026-08-05;9;HIANYZIK
37979;D-228354;2026-08-05;9;HIANYZIK
37985;D-228443;2026-08-05;9;HIANYZIK
38025;D-525243;2026-08-05;9;HIANYZIK
38026;D-525247;2026-08-05;9;HIANYZIK
38027;D-525248;2026-08-05;9;HIANYZIK
44921;PD5306-11;2026-08-05;9;HIANYZIK
44933;D-220193;2026-08-05;9;HIANYZIK
44936;D-223934;2026-08-05;9;HIANYZIK
44956;RD 229;2026-08-05;9;HIANYZIK
44962;D-229094;2026-08-05;9;HIANYZIK
44991;PD4629-23;2026-08-05;9;HIANYZIK
44998;1068 BLACK;2026-08-05;9;HIANYZIK
45034;PD4025-23;2026-08-05;9;HIANYZIK
45166;D-228897;2026-08-05;9;HIANYZIK
45183;PD3273-00;2026-08-05;9;HIANYZIK
45349;D-213029;2026-08-05;9;HIANYZIK
45407;D-228729;2026-08-05;9;HIANYZIK
45499;D-227524;2026-08-05;9;HIANYZIK
45523;D-227677;2026-08-05;9;HIANYZIK
45600;PD4402-00;2026-08-05;9;HIANYZIK
45698;D-227417;2026-08-05;9;HIANYZIK
45702;D-227604;2026-08-05;9;HIANYZIK
45814;D-229093;2026-08-05;9;HIANYZIK
45876;D-210555;2026-08-05;9;HIANYZIK
45902;D-227731;2026-08-05;9;HIANYZIK
45917;D-227527;2026-08-05;9;HIANYZIK
45921;D-227720;2026-08-05;9;HIANYZIK
45948;D-209378;2026-08-05;9;HIANYZIK
46053;D-220415;2026-08-05;9;HIANYZIK
46078;PD4308-21;2026-08-05;9;HIANYZIK
46125;D-222112;2026-08-05;9;HIANYZIK
46154;D-220195;2026-08-05;9;HIANYZIK
46191;D-218010;2026-08-05;9;HIANYZIK
46217;D-227433;2026-08-05;9;HIANYZIK
46224;D-210274;2026-08-05;9;HIANYZIK
46226;D-210554;2026-08-05;9;HIANYZIK
46268;D11-201217;2026-08-05;9;HIANYZIK
46382;PD5603-21;2026-08-05;9;HIANYZIK
46413;D-225296;2026-08-05;9;HIANYZIK
46450;D-213057;2026-08-05;9;HIANYZIK
46457;PD3232-23;2026-08-05;9;HIANYZIK
46538;D-212473;2026-08-05;9;HIANYZIK
46588;D-228348;2026-08-05;9;HIANYZIK
46600;PD5522-21;2026-08-05;9;HIANYZIK
46613;D-221966;2026-08-05;9;HIANYZIK
46621;D-227479;2026-08-05;9;HIANYZIK
46625;D-219195;2026-08-05;9;HIANYZIK
46738;PD5523-21;2026-08-05;9;HIANYZIK
46845;D-227506;2026-08-05;9;HIANYZIK
46846;D-222105;2026-08-05;9;HIANYZIK
46894;D-228898;2026-08-05;9;HIANYZIK
46954;D-199963;2026-08-05;9;HIANYZIK
46981;D-227470;2026-08-05;9;HIANYZIK
46985;D-215552;2026-08-05;9;HIANYZIK
46991;D-212464;2026-08-05;9;HIANYZIK
47084;D-227689;2026-08-05;9;HIANYZIK
47208;D-218291;2026-08-05;9;HIANYZIK
47225;D-225460;2026-08-05;9;HIANYZIK
47279;D-227576;2026-08-05;9;HIANYZIK
47292;D-201737;2026-08-05;9;HIANYZIK
47301;D-212559;2026-08-05;9;HIANYZIK
47356;D-228899;2026-08-05;9;HIANYZIK
47410;D-227406;2026-08-05;9;HIANYZIK
47581;D-227674;2026-08-05;9;HIANYZIK
47702;D-227418;2026-08-05;9;HIANYZIK
47748;D-227943;2026-08-05;9;HIANYZIK
47763;D-227603;2026-08-05;9;HIANYZIK
47770;D-225629;2026-08-05;9;HIANYZIK
47776;D-227736;2026-08-05;9;HIANYZIK
47782;D-227675;2026-08-05;9;HIANYZIK
47844;D-227486;2026-08-05;9;HIANYZIK
47848;D-227530;2026-08-05;9;HIANYZIK
47872;PD5602-21;2026-08-05;9;HIANYZIK
47888;PD3372-23;2026-08-05;9;HIANYZIK
47925;D-227732;2026-08-05;9;HIANYZIK
47929;D-227596;2026-08-05;9;HIANYZIK
48015;D-227727;2026-08-05;9;HIANYZIK
48085;D-227715;2026-08-05;9;HIANYZIK
48089;D-227419;2026-08-05;9;HIANYZIK
48129;D-227511;2026-08-05;9;HIANYZIK
48131;D-202729;2026-08-05;9;HIANYZIK
48133;D-227718;2026-08-05;9;HIANYZIK
48235;D-227416;2026-08-05;9;HIANYZIK
48241;TNH-004;2026-08-05;9;HIANYZIK
48265;D-209335;2026-08-05;9;HIANYZIK
48287;D-227407;2026-08-05;9;HIANYZIK
48311;D-229229;2026-08-05;9;HIANYZIK
48383;D-229099;2026-08-05;9;HIANYZIK
48400;D-227747;2026-08-05;9;HIANYZIK
48412;D-227508;2026-08-05;9;HIANYZIK
48427;D31-20802;2026-08-05;9;HIANYZIK
48433;D-194902;2026-08-05;9;HIANYZIK
48439;D-229096;2026-08-05;9;HIANYZIK
48466;D_194018;2026-08-05;9;HIANYZIK
48564;D-196472;2026-08-05;9;HIANYZIK
48573;D-227716;2026-08-05;9;HIANYZIK
48577;D-227481;2026-08-05;9;HIANYZIK
48581;D-216595;2026-08-05;9;HIANYZIK
48615;D-227713;2026-08-05;9;HIANYZIK
48699;D-222075;2026-08-05;9;HIANYZIK
48768;D-225621;2026-08-05;9;HIANYZIK
48849;D-202668;2026-08-05;9;HIANYZIK
48865;D-228992;2026-08-05;9;HIANYZIK
48869;D-228991;2026-08-05;9;HIANYZIK
48872;D-223830;2026-08-05;9;HIANYZIK
48874;D-215545;2026-08-05;9;HIANYZIK
48894;D-211376;2026-08-05;9;HIANYZIK
48914;D-199881;2026-08-05;9;HIANYZIK
48928;D-228993;2026-08-05;9;HIANYZIK
48951;D-213873;2026-08-05;9;HIANYZIK
49021;D-228990;2026-08-05;9;HIANYZIK
49116;D-227037;2026-08-05;9;HIANYZIK
49127;D-229224;2026-08-05;9;HIANYZIK
49130;D-229227;2026-08-05;9;HIANYZIK
49136;D-229230;2026-08-05;9;HIANYZIK
49201;D-229130;2026-08-05;9;HIANYZIK
49211;D-229135;2026-08-05;9;HIANYZIK
49803;D-244653;2026-08-05;9;HIANYZIK
49815;D-229433;2026-08-05;9;HIANYZIK
49817;D-229423;2026-08-05;9;HIANYZIK
49844;D-228850;2026-08-05;9;HIANYZIK
49849;D-228851;2026-08-05;9;HIANYZIK
49854;D-228852;2026-08-05;9;HIANYZIK
49859;D-228853;2026-08-05;9;HIANYZIK
50227;D-216439;2026-08-05;9;HIANYZIK
50230;D-216473;2026-08-05;9;HIANYZIK
50241;D-218652;2026-08-05;9;HIANYZIK
50246;D-218653;2026-08-05;9;HIANYZIK
50291;D-220269;2026-08-05;9;HIANYZIK
50316;D-222978;2026-08-05;9;HIANYZIK
50320;D-227992;2026-08-05;9;HIANYZIK
50324;D-228385;2026-08-05;9;HIANYZIK
50334;D-228393;2026-08-05;9;HIANYZIK
50398;D-203835;2026-08-05;9;HIANYZIK
50400;D-203836;2026-08-05;9;HIANYZIK
50402;D-203837;2026-08-05;9;HIANYZIK
50406;D-209165;2026-08-05;9;HIANYZIK
50453;D-216624;2026-08-05;9;HIANYZIK
50464;D-216695;2026-08-05;9;HIANYZIK
50467;D-216697;2026-08-05;9;HIANYZIK
50470;D-216725;2026-08-05;9;HIANYZIK
50474;D-216726;2026-08-05;9;HIANYZIK
50478;D-216727;2026-08-05;9;HIANYZIK
50481;D-216728;2026-08-05;9;HIANYZIK
50506;D-216749;2026-08-05;9;HIANYZIK
50509;D-216750;2026-08-05;9;HIANYZIK
50519;D-216782;2026-08-05;9;HIANYZIK
50554;D-222484;2026-08-05;9;HIANYZIK
50557;D-222485;2026-08-05;9;HIANYZIK
50632;D-222563;2026-08-05;9;HIANYZIK
50635;D-222564;2026-08-05;9;HIANYZIK
50655;D-222574;2026-08-05;9;HIANYZIK
50679;D-222584;2026-08-05;9;HIANYZIK
50942;D-228696;2026-08-05;9;HIANYZIK
50946;D-228697;2026-08-05;9;HIANYZIK
51057;D-229873;2026-08-05;9;HIANYZIK
51075;D-218872;2026-08-05;9;HIANYZIK
51078;D-218873;2026-08-05;9;HIANYZIK
51096;D-218972;2026-08-05;9;HIANYZIK
51098;D-218973;2026-08-05;9;HIANYZIK
51100;D-218974;2026-08-05;9;HIANYZIK
51105;D-218976;2026-08-05;9;HIANYZIK
51129;D-219024;2026-08-05;9;HIANYZIK
51135;D-219034;2026-08-05;9;HIANYZIK
51141;D-219057;2026-08-05;9;HIANYZIK
51153;D-219062;2026-08-05;9;HIANYZIK
51155;D-219063;2026-08-05;9;HIANYZIK
51162;D-219076;2026-08-05;9;HIANYZIK
51186;D-227400;2026-08-05;9;HIANYZIK
51194;D-227485;2026-08-05;9;HIANYZIK
51198;D-227525;2026-08-05;9;HIANYZIK
51202;D-227526;2026-08-05;9;HIANYZIK
51206;D-227528;2026-08-05;9;HIANYZIK
51210;D-227597;2026-08-05;9;HIANYZIK
51214;D-227599;2026-08-05;9;HIANYZIK
51218;D-227722;2026-08-05;9;HIANYZIK
51227;D-229502;2026-08-05;9;HIANYZIK
51244;D-220543;2026-08-05;9;HIANYZIK
51272;D-220566;2026-08-05;9;HIANYZIK
51338;D-220657;2026-08-05;9;HIANYZIK
51429;D-220764;2026-08-05;9;HIANYZIK
51460;D-220646;2026-08-05;9;HIANYZIK
51466;D-220647;2026-08-05;9;HIANYZIK
51495;D-223310;2026-08-05;9;HIANYZIK
51523;D-223345;2026-08-05;9;HIANYZIK
51551;D-220277;2026-08-05;9;HIANYZIK
51567;D-227993;2026-08-05;9;HIANYZIK
51576;D-228397;2026-08-05;9;HIANYZIK
51581;D-228421;2026-08-05;9;HIANYZIK
51594;D-216759;2026-08-05;9;HIANYZIK
51597;D-216760;2026-08-05;9;HIANYZIK
51673;D-222464;2026-08-05;9;HIANYZIK
51676;D-222465;2026-08-05;9;HIANYZIK
51734;D-222533;2026-08-05;9;HIANYZIK
51737;D-222534;2026-08-05;9;HIANYZIK
51744;D-222539;2026-08-05;9;HIANYZIK
51835;D-218982;2026-08-05;9;HIANYZIK
51856;D-218991;2026-08-05;9;HIANYZIK
51867;D-218995;2026-08-05;9;HIANYZIK
51874;D-219033;2026-08-05;9;HIANYZIK
51958;D-220654;2026-08-05;9;HIANYZIK
52054;D-215329;2026-08-05;9;HIANYZIK
52059;D-215330;2026-08-05;9;HIANYZIK
52084;D-218659;2026-08-05;9;HIANYZIK
52095;D-222938;2026-08-05;9;HIANYZIK
52098;D-222939;2026-08-05;9;HIANYZIK
52101;D-222940;2026-08-05;9;HIANYZIK
52104;D-222941;2026-08-05;9;HIANYZIK
52223;D-216650;2026-08-05;9;HIANYZIK
52227;D-216651;2026-08-05;9;HIANYZIK
52257;D-216701;2026-08-05;9;HIANYZIK
52261;D-216702;2026-08-05;9;HIANYZIK
52391;D-225703;2026-08-05;9;HIANYZIK
52412;D-226810;2026-08-05;9;HIANYZIK
52415;D-226811;2026-08-05;9;HIANYZIK
52440;D-226818;2026-08-05;9;HIANYZIK
52443;D-226819;2026-08-05;9;HIANYZIK
52547;D-227811;2026-08-05;9;HIANYZIK
52549;D-227813;2026-08-05;9;HIANYZIK
52560;D-227816;2026-08-05;9;HIANYZIK
52687;D-227839;2026-08-05;9;HIANYZIK
52732;D-227849;2026-08-05;9;HIANYZIK
52748;D-227852;2026-08-05;9;HIANYZIK
52768;D-227902;2026-08-05;9;HIANYZIK
52780;D-227904;2026-08-05;9;HIANYZIK
52786;D-227905;2026-08-05;9;HIANYZIK
52802;D-227908;2026-08-05;9;HIANYZIK
52838;D-218859;2026-08-05;9;HIANYZIK
52840;D-218860;2026-08-05;9;HIANYZIK
52843;D-218861;2026-08-05;9;HIANYZIK
52846;D-218862;2026-08-05;9;HIANYZIK
52870;D-221397;2026-08-05;9;HIANYZIK
52874;D-221398;2026-08-05;9;HIANYZIK
52890;D-221402;2026-08-05;9;HIANYZIK
52903;D-226955;2026-08-05;9;HIANYZIK
52932;D-223385;2026-08-05;9;HIANYZIK
52940;D-220767;2026-08-05;9;HIANYZIK
52975;D-227994;2026-08-05;9;HIANYZIK
52987;D-228390;2026-08-05;9;HIANYZIK
52992;D-228391;2026-08-05;9;HIANYZIK
52997;D-228392;2026-08-05;9;HIANYZIK
53030;D-229960;2026-08-05;9;HIANYZIK
53058;D-229971;2026-08-05;9;HIANYZIK
53480;D-229655;2026-08-05;9;HIANYZIK
53509;D-229673;2026-08-05;9;HIANYZIK
53514;D-229674;2026-08-05;9;HIANYZIK
53588;D-226951;2026-08-05;9;HIANYZIK
53590;D-226956;2026-08-05;9;HIANYZIK
53592;D-226957;2026-08-05;9;HIANYZIK
53594;D-226958;2026-08-05;9;HIANYZIK
53601;D-226961;2026-08-05;9;HIANYZIK
53610;D-226964;2026-08-05;9;HIANYZIK
53612;D-226965;2026-08-05;9;HIANYZIK
53632;D-229526;2026-08-05;9;HIANYZIK
53701;D-216467;2026-08-05;9;HIANYZIK
53722;D-219385;2026-08-05;9;HIANYZIK
53734;D-220281;2026-08-05;9;HIANYZIK
53738;D-220282;2026-08-05;9;HIANYZIK
53793;D-228422;2026-08-05;9;HIANYZIK
53798;D-228429;2026-08-05;9;HIANYZIK
53804;D-228430;2026-08-05;9;HIANYZIK
53811;D-202730;2026-08-05;9;HIANYZIK
53830;D-216415;2026-08-05;9;HIANYZIK
53833;D-216438;2026-08-05;9;HIANYZIK
53844;D-222316;2026-08-05;9;HIANYZIK
53848;D-222335;2026-08-05;9;HIANYZIK
53850;D-222678;2026-08-05;9;HIANYZIK
53858;D-227385;2026-08-05;9;HIANYZIK
54047;D-229148;2026-08-05;9;HIANYZIK
54074;D-229549;2026-08-05;9;HIANYZIK
54133;D-229523;2026-08-05;9;HIANYZIK
54141;D-221519;2026-08-05;9;HIANYZIK
54157;D-229512;2026-08-05;9;HIANYZIK
54178;D-229518;2026-08-05;9;HIANYZIK
54271;D-213565;2026-08-05;9;HIANYZIK
54330;D-216731;2026-08-05;9;HIANYZIK
54368;D-216813;2026-08-05;9;HIANYZIK
54372;D-216814;2026-08-05;9;HIANYZIK
54424;D-221949;2026-08-05;9;HIANYZIK
54451;D-222345;2026-08-05;9;HIANYZIK
54454;D-222346;2026-08-05;9;HIANYZIK
54457;D-222349;2026-08-05;9;HIANYZIK
54495;D-222369;2026-08-05;9;HIANYZIK
54497;D-222370;2026-08-05;9;HIANYZIK
54540;D-225686;2026-08-05;9;HIANYZIK
54546;D-225698;2026-08-05;9;HIANYZIK
54760;D-218966;2026-08-05;9;HIANYZIK
54771;D-218970;2026-08-05;9;HIANYZIK
54778;D-219066;2026-08-05;9;HIANYZIK
54801;D-226937;2026-08-05;9;HIANYZIK
54803;D-227410;2026-08-05;9;HIANYZIK
54807;D-227415;2026-08-05;9;HIANYZIK
54811;D-227712;2026-08-05;9;HIANYZIK
54815;D-227714;2026-08-05;9;HIANYZIK
54891;D-222582;2026-08-05;9;HIANYZIK
54939;D-228630;2026-08-05;9;HIANYZIK
55058;D-220263;2026-08-05;9;HIANYZIK
55068;D-222090;2026-08-05;9;HIANYZIK
55079;D-225532;2026-08-05;9;HIANYZIK
55082;D-225533;2026-08-05;9;HIANYZIK
55104;D-228407;2026-08-05;9;HIANYZIK
55108;D-228408;2026-08-05;9;HIANYZIK
55138;D-229696;2026-08-05;9;HIANYZIK
55231;D-218926;2026-08-05;9;HIANYZIK
55265;D-221393;2026-08-05;9;HIANYZIK
55272;D-229695;2026-08-05;9;HIANYZIK
55284;D-229700;2026-08-05;9;HIANYZIK
55305;D-229152;2026-08-05;9;HIANYZIK
55310;D-229510;2026-08-05;9;HIANYZIK
55338;D-220660;2026-08-05;9;HIANYZIK
55364;D-220659;2026-08-05;9;HIANYZIK
55422;D-218954;2026-08-05;9;HIANYZIK
55471;D-219043;2026-08-05;9;HIANYZIK
55477;D-219045;2026-08-05;9;HIANYZIK
55489;D-219050;2026-08-05;9;HIANYZIK
55491;D-219051;2026-08-05;9;HIANYZIK
55497;D-219054;2026-08-05;9;HIANYZIK
55517;D-221407;2026-08-05;9;HIANYZIK
55541;D-229690;2026-08-05;9;HIANYZIK
55690;D-229588;2026-08-05;9;HIANYZIK
55792;D-229718;2026-08-05;9;HIANYZIK
55797;D-229719;2026-08-05;9;HIANYZIK
55820;D-210585;2026-08-05;9;HIANYZIK
55825;D-220279;2026-08-05;9;HIANYZIK
55958;D-220765;2026-08-05;9;HIANYZIK
55964;D-220768;2026-08-05;9;HIANYZIK
55999;D-220841;2026-08-05;9;HIANYZIK
56009;D-220604;2026-08-05;9;HIANYZIK
56040;D-220762;2026-08-05;9;HIANYZIK
56249;D-223318;2026-08-05;9;HIANYZIK
56252;D-223330;2026-08-05;9;HIANYZIK
58077;D-227939;2026-08-05;9;HIANYZIK
58081;D-227940;2026-08-05;9;HIANYZIK
58085;D-227942;2026-08-05;9;HIANYZIK
58135;D-222037;2026-08-05;9;HIANYZIK
58244;D-229724;2026-08-05;9;HIANYZIK
58254;D-220680;2026-08-05;9;HIANYZIK
58263;D-220683;2026-08-05;9;HIANYZIK
58301;D-220679;2026-08-05;9;HIANYZIK
58307;D-220682;2026-08-05;9;HIANYZIK
58640;D-215435;2026-08-05;9;HIANYZIK
58743;D-218847;2026-08-05;9;HIANYZIK
58762;D-220293;2026-08-05;9;HIANYZIK
58795;D-222087;2026-08-05;9;HIANYZIK
58798;D-222957;2026-08-05;9;HIANYZIK
58801;D-222958;2026-08-05;9;HIANYZIK
58805;D-222970;2026-08-05;9;HIANYZIK
58808;D-222976;2026-08-05;9;HIANYZIK
58815;D-225847;2026-08-05;9;HIANYZIK
58835;D-228425;2026-08-05;9;HIANYZIK
58841;D-228427;2026-08-05;9;HIANYZIK
58846;D-228432;2026-08-05;9;HIANYZIK
58903;D-216691;2026-08-05;9;HIANYZIK
58906;D-216692;2026-08-05;9;HIANYZIK
58931;D-216773;2026-08-05;9;HIANYZIK
58934;D-216774;2026-08-05;9;HIANYZIK
59103;D-222448;2026-08-05;9;HIANYZIK
59128;D-222642;2026-08-05;9;HIANYZIK
59265;D-226828;2026-08-05;9;HIANYZIK
59268;D-226829;2026-08-05;9;HIANYZIK
59401;D-228688;2026-08-05;9;HIANYZIK
59406;D-228689;2026-08-05;9;HIANYZIK
59411;D-228690;2026-08-05;9;HIANYZIK
59626;D-218846;2026-08-05;9;HIANYZIK
59637;D-218851;2026-08-05;9;HIANYZIK
59640;D-218852;2026-08-05;9;HIANYZIK
59646;D-218867;2026-08-05;9;HIANYZIK
59700;D-221415;2026-08-05;9;HIANYZIK
59711;D-221418;2026-08-05;9;HIANYZIK
59718;D-221420;2026-08-05;9;HIANYZIK
59721;D-221421;2026-08-05;9;HIANYZIK
59738;D-227687;2026-08-05;9;HIANYZIK
59745;D-229693;2026-08-05;9;HIANYZIK
59751;D-229149;2026-08-05;9;HIANYZIK
59775;D-229536;2026-08-05;9;HIANYZIK
59846;D-229530;2026-08-05;9;HIANYZIK
59860;D-229531;2026-08-05;9;HIANYZIK
59927;D-223584;2026-08-05;9;HIANYZIK
59935;D-223588;2026-08-05;9;HIANYZIK
59980;D-223585;2026-08-05;9;HIANYZIK
60062;D-229981;2026-08-05;9;HIANYZIK
60367;D-218931;2026-08-05;9;HIANYZIK
60379;D-227573;2026-08-05;9;HIANYZIK
60383;D-227574;2026-08-05;9;HIANYZIK
60442;D-223558;2026-08-05;9;HIANYZIK
60450;D-223569;2026-08-05;9;HIANYZIK
60454;D-223573;2026-08-05;9;HIANYZIK
60494;1278 BLACK;2026-08-05;9;HIANYZIK
60504;9213 NUDE/BLACK;2026-08-05;9;HIANYZIK
60505;9215 BLACK;2026-08-05;9;HIANYZIK
60508;9750 RED;2026-08-05;9;HIANYZIK
60519;D-210545;2026-08-05;9;HIANYZIK
60521;D-210547;2026-08-05;9;HIANYZIK
60525;D-210549;2026-08-05;9;HIANYZIK
60535;D-211410;2026-08-05;9;HIANYZIK
60539;D-215312;2026-08-05;9;HIANYZIK
60544;D-219001;2026-08-05;9;HIANYZIK
60548;D-219644;2026-08-05;9;HIANYZIK
60550;D-221775;2026-08-05;9;HIANYZIK
60553;D-222032;2026-08-05;9;HIANYZIK
60557;D-226857;2026-08-05;9;HIANYZIK
60561;D-226859;2026-08-05;9;HIANYZIK
60570;D-227989;2026-08-05;9;HIANYZIK
60572;D-227990;2026-08-05;9;HIANYZIK
60584;D-228370;2026-08-05;9;HIANYZIK
60595;D-228372;2026-08-05;9;HIANYZIK
60613;D-228377;2026-08-05;9;HIANYZIK
60725;D-229742;2026-08-05;9;HIANYZIK
60784;D-228428;2026-08-05;9;HIANYZIK
60867;D-230153;2026-08-05;9;HIANYZIK
60871;D-230154;2026-08-05;9;HIANYZIK
60881;D-230001;2026-08-05;9;HIANYZIK
60919;D-229930;2026-08-05;9;HIANYZIK
60956;D-229786;2026-08-05;9;HIANYZIK
60971;D-229789;2026-08-05;9;HIANYZIK
61017;D-229779;2026-08-05;9;HIANYZIK
61387;D-229805;2026-08-05;9;HIANYZIK
61390;D-229806;2026-08-05;9;HIANYZIK
61393;D-229807;2026-08-05;9;HIANYZIK
61396;D-229808;2026-08-05;9;HIANYZIK
61410;D-229813;2026-08-05;9;HIANYZIK
61482;D-230510;2026-08-05;9;HIANYZIK
61489;D-230511;2026-08-05;9;HIANYZIK
61563;D-230629;2026-08-05;9;HIANYZIK
61568;D-230630;2026-08-05;9;HIANYZIK
61591;D-230620;2026-08-05;9;HIANYZIK
61973;D-230645;2026-08-05;9;HIANYZIK
62052;D-230470;2026-08-05;9;HIANYZIK
62062;D-218011;2026-08-05;9;HIANYZIK
62116;D-223218;2026-08-05;9;HIANYZIK
62157;D-221040;2026-08-05;9;HIANYZIK
62165;D-229711;2026-08-05;9;HIANYZIK
62191;PD1515-21;2026-08-05;9;HIANYZIK
62201;PD4227-21;2026-08-05;9;HIANYZIK
62243;D-223885;2026-08-05;9;HIANYZIK
62304;D-226986;2026-08-05;9;HIANYZIK
62316;PD5307-11;2026-08-05;9;HIANYZIK
62369;D-220493;2026-08-05;9;HIANYZIK
62436;PD5606-21;2026-08-05;9;HIANYZIK
62466;D-230751;2026-08-05;9;HIANYZIK
62498;D-223931;2026-08-05;9;HIANYZIK
62533;D-230457;2026-08-05;9;HIANYZIK
62535;D-230458;2026-08-05;9;HIANYZIK
62585;D-227515;2026-08-05;9;HIANYZIK
62639;D-219817;2026-08-05;9;HIANYZIK
62772;D-227439;2026-08-05;9;HIANYZIK
62822;D-227529;2026-08-05;9;HIANYZIK
62831;D-229358;2026-08-05;9;HIANYZIK
62896;D-230472;2026-08-05;9;HIANYZIK
62959;PD4652-23;2026-08-05;9;HIANYZIK
63014;D-222108;2026-08-05;9;HIANYZIK
63020;D-218003;2026-08-05;9;HIANYZIK
63044;D-230473;2026-08-05;9;HIANYZIK
63069;D-229601;2026-08-05;9;HIANYZIK
63071;D-211389;2026-08-05;9;HIANYZIK
63072;PD5309-11;2026-08-05;9;HIANYZIK
63123;D-220230;2026-08-05;9;HIANYZIK
63127;PD3948-00;2026-08-05;9;HIANYZIK
63141;D-227488;2026-08-05;9;HIANYZIK
63176;D-229552;2026-08-05;9;HIANYZIK
63199;D-229793;2026-08-05;9;HIANYZIK
63218;D-227489;2026-08-05;9;HIANYZIK
63230;D-205447;2026-08-05;9;HIANYZIK
63241;PD4461-23;2026-08-05;9;HIANYZIK
63259;D-229359;2026-08-05;9;HIANYZIK
63267;D-219174;2026-08-05;9;HIANYZIK
63281;D-216563;2026-08-05;9;HIANYZIK
63335;D-227516;2026-08-05;9;HIANYZIK
63385;D-227412;2026-08-05;9;HIANYZIK
63394;D-223936;2026-08-05;9;HIANYZIK
63409;D-229754;2026-08-05;9;HIANYZIK
63429;PD5518-21;2026-08-05;9;HIANYZIK
63450;D-208171;2026-08-05;9;HIANYZIK
63532;D-229946;2026-08-05;9;HIANYZIK
63558;D-230662;2026-08-05;9;HIANYZIK
63580;D-227413;2026-08-05;9;HIANYZIK
63693;D-230560;2026-08-05;9;HIANYZIK
63786;D-230702;2026-08-05;9;HIANYZIK
63793;D-229507;2026-08-05;9;HIANYZIK
63865;D-227709;2026-08-05;9;HIANYZIK
63887;D-213055;2026-08-05;9;HIANYZIK
63930;D-196972;2026-08-05;9;HIANYZIK
63995;D-229553;2026-08-05;9;HIANYZIK
64014;D-229757;2026-08-05;9;HIANYZIK
64058;PD3609-00;2026-08-05;9;HIANYZIK
64098;D-229753;2026-08-05;9;HIANYZIK
64105;D-230328;2026-08-05;9;HIANYZIK
64170;D-229551;2026-08-05;9;HIANYZIK
64189;D-227711;2026-08-05;9;HIANYZIK
64390;D-227202;2026-08-05;9;HIANYZIK
64393;D-227203;2026-08-05;9;HIANYZIK
64459;D-202761;2026-08-05;9;HIANYZIK
64538;D-227028;2026-08-05;9;HIANYZIK
64554;D-227549;2026-08-05;9;HIANYZIK
64555;D-227571;2026-08-05;9;HIANYZIK
64671;D-230536;2026-08-05;9;HIANYZIK
64800;D-209325;2026-08-05;9;HIANYZIK
64803;D-209332;2026-08-05;9;HIANYZIK
64900;D-229554;2026-08-05;9;HIANYZIK
64912;D-229792;2026-08-05;9;HIANYZIK
64915;D-229802;2026-08-05;9;HIANYZIK
64918;D-229809;2026-08-05;9;HIANYZIK
64924;D-229816;2026-08-05;9;HIANYZIK
64927;D-229817;2026-08-05;9;HIANYZIK
64931;D-229819;2026-08-05;9;HIANYZIK
64965;D-230302;2026-08-05;9;HIANYZIK
65048;D-230820;2026-08-05;9;HIANYZIK
65055;D-230821;2026-08-05;9;HIANYZIK
65079;D-230824;2026-08-05;9;HIANYZIK
65087;D-230825;2026-08-05;9;HIANYZIK
65149;D-229456;2026-08-05;9;HIANYZIK
65282;D-230039;2026-08-05;9;HIANYZIK
65288;D-230042;2026-08-05;9;HIANYZIK
65294;D-230044;2026-08-05;9;HIANYZIK
65297;D-230045;2026-08-05;9;HIANYZIK
65300;D-230046;2026-08-05;9;HIANYZIK
65311;D-230117;2026-08-05;9;HIANYZIK
65319;D-199879;2026-08-05;9;HIANYZIK
65361;D-229791;2026-08-05;9;HIANYZIK
65365;D-229798;2026-08-05;9;HIANYZIK
65369;D-229799;2026-08-05;9;HIANYZIK
65372;D-229803;2026-08-05;9;HIANYZIK
65375;D-227027;2026-08-05;9;HIANYZIK
65376;D-229804;2026-08-05;9;HIANYZIK
65428;D-229766;2026-08-05;9;HIANYZIK
65445;D-229800;2026-08-05;9;HIANYZIK
65453;D-230320;2026-08-05;9;HIANYZIK
65457;D-230321;2026-08-05;9;HIANYZIK
65518;D-229801;2026-08-05;9;HIANYZIK
65602;D-230972;2026-08-05;9;HIANYZIK
65610;D-230974;2026-08-05;9;HIANYZIK
65716;D-230937;2026-08-05;9;HIANYZIK
65726;D-230941;2026-08-05;9;HIANYZIK
65871;D-230373;2026-08-05;9;HIANYZIK
65988;D-230550;2026-08-05;9;HIANYZIK
66058;D-230559;2026-08-05;9;HIANYZIK
66293;D-231032;2026-08-05;9;HIANYZIK
66298;D-231033;2026-08-05;9;HIANYZIK
66345;D-231026;2026-08-05;9;HIANYZIK
66356;D-231027;2026-08-05;9;HIANYZIK
66454;D-223225;2026-08-05;9;HIANYZIK
66614;D-222026;2026-08-05;9;HIANYZIK
66732;D-228721;2026-08-05;9;HIANYZIK
66782;D-230303;2026-08-05;9;HIANYZIK
66788;D-230309;2026-08-05;9;HIANYZIK
66794;D-230313;2026-08-05;9;HIANYZIK
66805;D-230307;2026-08-05;9;HIANYZIK
66809;D-230311;2026-08-05;9;HIANYZIK
66812;D-230980;2026-08-05;9;HIANYZIK
66895;D-227570;2026-08-05;9;HIANYZIK
66899;D-227572;2026-08-05;9;HIANYZIK
66900;D-227398;2026-08-05;9;HIANYZIK
66904;D-227403;2026-08-05;9;HIANYZIK
66908;D-227673;2026-08-05;9;HIANYZIK
66912;D-227676;2026-08-05;9;HIANYZIK
66920;D-219439;2026-08-05;9;HIANYZIK
67088;D-195065;2026-08-05;9;HIANYZIK
67111;D-196425;2026-08-05;9;HIANYZIK
67127;D-195064;2026-08-05;9;HIANYZIK
67380;D-216448;2026-08-05;9;HIANYZIK
67383;D-216477;2026-08-05;9;HIANYZIK
67387;D-216478;2026-08-05;9;HIANYZIK
67391;D-227399;2026-08-05;9;HIANYZIK
67395;D-208945;2026-08-05;9;HIANYZIK
67460;D-221813;2026-08-05;9;HIANYZIK
67477;D-216540;2026-08-05;9;HIANYZIK
67504;D-221939;2026-08-05;9;HIANYZIK
67561;D-229157;2026-08-05;9;HIANYZIK
67629;D-228381;2026-08-05;9;HIANYZIK
67637;D-227575;2026-08-05;9;HIANYZIK
67646;D-230541;2026-08-05;9;HIANYZIK
67655;D-227995;2026-08-05;9;HIANYZIK
67659;D-228410;2026-08-05;9;HIANYZIK
67666;D-227679;2026-08-05;9;HIANYZIK
67670;D-215315;2026-08-05;9;HIANYZIK
67706;D-211726;2026-08-05;9;HIANYZIK
67782;D-230547;2026-08-05;9;HIANYZIK
67807;9750 NUDE;2026-08-05;9;HIANYZIK
67818;D-230542;2026-08-05;9;HIANYZIK
67896;D-230540;2026-08-05;9;HIANYZIK
67902;D-220258;2026-08-05;9;HIANYZIK
67916;D-212493;2026-08-05;9;HIANYZIK
67921;D-229178;2026-08-05;9;HIANYZIK
67961;D-230538;2026-08-05;9;HIANYZIK
67968;D-230539;2026-08-05;9;HIANYZIK
68023;D-227680;2026-08-05;9;HIANYZIK
68045;D-220341;2026-08-05;9;HIANYZIK
68054;D-230034;2026-08-05;9;HIANYZIK
68070;D-219421;2026-08-05;9;HIANYZIK
68106;D-227678;2026-08-05;9;HIANYZIK
68110;D-227710;2026-08-05;9;HIANYZIK
68116;D-227600;2026-08-05;9;HIANYZIK
68120;D-227484;2026-08-05;9;HIANYZIK
68152;D-230971;2026-08-05;9;HIANYZIK
68159;D-230973;2026-08-05;9;HIANYZIK
68190;D-230325;2026-08-05;9;HIANYZIK
68204;D-222080;2026-08-05;9;HIANYZIK
68611;D-230334;2026-08-05;9;HIANYZIK
68626;D-230345;2026-08-05;9;HIANYZIK
68665;D-230352;2026-08-05;9;HIANYZIK
68674;D-230360;2026-08-05;9;HIANYZIK
68682;D-230129;2026-08-05;9;HIANYZIK
68688;D-230065;2026-08-05;9;HIANYZIK
68693;D-230068;2026-08-05;9;HIANYZIK
68738;D-231253;2026-08-05;9;HIANYZIK
68742;D-230330;2026-08-05;9;HIANYZIK
68750;D-230339;2026-08-05;9;HIANYZIK
68760;D-231254;2026-08-05;9;HIANYZIK
68763;D-230126;2026-08-05;9;HIANYZIK
68776;D-230333;2026-08-05;9;HIANYZIK
68789;D-229907;2026-08-05;9;HIANYZIK
68795;D-229908;2026-08-05;9;HIANYZIK
68798;D-229910;2026-08-05;9;HIANYZIK
68804;D-229911;2026-08-05;9;HIANYZIK
68809;D-229913;2026-08-05;9;HIANYZIK
68813;D-229914;2026-08-05;9;HIANYZIK
68819;D-229915;2026-08-05;9;HIANYZIK
68838;D-230019;2026-08-05;9;HIANYZIK
68848;D-230053;2026-08-05;9;HIANYZIK
68853;D-230055;2026-08-05;9;HIANYZIK
68886;D-230077;2026-08-05;9;HIANYZIK
68901;D-230089;2026-08-05;9;HIANYZIK
68927;D-230094;2026-08-05;9;HIANYZIK
68938;D-230096;2026-08-05;9;HIANYZIK
68951;D-230107;2026-08-05;9;HIANYZIK
68957;D-230109;2026-08-05;9;HIANYZIK
68968;D-230113;2026-08-05;9;HIANYZIK
68988;D-230116;2026-08-05;9;HIANYZIK
68999;D-230119;2026-08-05;9;HIANYZIK
69006;D-230122;2026-08-05;9;HIANYZIK
69025;D-230127;2026-08-05;9;HIANYZIK
69027;D-230131;2026-08-05;9;HIANYZIK
69030;D-230139;2026-08-05;9;HIANYZIK
69050;D-230142;2026-08-05;9;HIANYZIK
69053;D-230143;2026-08-05;9;HIANYZIK
69056;D-230144;2026-08-05;9;HIANYZIK
69063;D-230145;2026-08-05;9;HIANYZIK
69068;D-230149;2026-08-05;9;HIANYZIK
69071;D-230327;2026-08-05;9;HIANYZIK
69095;D-230331;2026-08-05;9;HIANYZIK
69098;D-230356;2026-08-05;9;HIANYZIK
69114;D-231206;2026-08-05;9;HIANYZIK
69120;D-231275;2026-08-05;9;HIANYZIK
69122;D-231276;2026-08-05;9;HIANYZIK
69130;D-231280;2026-08-05;9;HIANYZIK
69132;D-231281;2026-08-05;9;HIANYZIK
69137;D-231283;2026-08-05;9;HIANYZIK
69141;D-231284;2026-08-05;9;HIANYZIK
69147;D-231308;2026-08-05;9;HIANYZIK
69166;D-228400;2026-08-05;9;HIANYZIK
69194;D-231366;2026-08-05;9;HIANYZIK
69206;D-216513;2026-08-05;9;HIANYZIK
69223;D-228401;2026-08-05;9;HIANYZIK
69228;D-2284035;2026-08-05;9;HIANYZIK
69238;D-228406;2026-08-05;9;HIANYZIK
69253;D-231372;2026-08-05;9;HIANYZIK
69259;D-231378;2026-08-05;9;HIANYZIK
69265;D-231379;2026-08-05;9;HIANYZIK
69277;D-231359;2026-08-05;9;HIANYZIK
69284;1912 WHITE;2026-08-05;9;HIANYZIK
69287;9027 RED;2026-08-05;9;HIANYZIK
69290;D-210552;2026-08-05;9;HIANYZIK
69292;D-210553;2026-08-05;9;HIANYZIK
69296;D-215317;2026-08-05;9;HIANYZIK
69300;D-225843;2026-08-05;9;HIANYZIK
69302;D-228380;2026-08-05;9;HIANYZIK
69306;D-221935;2026-08-05;9;HIANYZIK
69326;D-228394;2026-08-05;9;HIANYZIK
69331;D-220275;2026-08-05;9;HIANYZIK
69334;D-221938;2026-08-05;9;HIANYZIK
69338;D-221940;2026-08-05;9;HIANYZIK
69347;D-228395;2026-08-05;9;HIANYZIK
69352;D-228396;2026-08-05;9;HIANYZIK
69383;D-231373;2026-08-05;9;HIANYZIK
69389;D-231374;2026-08-05;9;HIANYZIK
69401;D-231376;2026-08-05;9;HIANYZIK
69407;D-231377;2026-08-05;9;HIANYZIK
69428;D-220292;2026-08-05;9;HIANYZIK
69447;D-231362;2026-08-05;9;HIANYZIK
69454;D-231363;2026-08-05;9;HIANYZIK
69460;D-231364;2026-08-05;9;HIANYZIK
69472;D-216453;2026-08-05;9;HIANYZIK
69479;D-222035;2026-08-05;9;HIANYZIK
69483;D-222036;2026-08-05;9;HIANYZIK
69516;D-231150;2026-08-05;9;HIANYZIK
69628;D-231218;2026-08-05;9;HIANYZIK
69646;D-231217;2026-08-05;9;HIANYZIK
69664;D-231219;2026-08-05;9;HIANYZIK
69714;D-231220;2026-08-05;9;HIANYZIK
69823;D-231635;2026-08-05;9;HIANYZIK
69827;D-231636;2026-08-05;9;HIANYZIK
69828;D-231675;2026-08-05;9;HIANYZIK
69832;D-231676;2026-08-05;9;HIANYZIK
69833;D-231679;2026-08-05;9;HIANYZIK
69837;D-231680;2026-08-05;9;HIANYZIK
69841;D-231438;2026-08-05;9;HIANYZIK
69846;D-231439;2026-08-05;9;HIANYZIK
69856;D-231449;2026-08-05;9;HIANYZIK
69861;D-231683;2026-08-05;9;HIANYZIK
69865;D-231684;2026-08-05;9;HIANYZIK
69869;D-231692;2026-08-05;9;HIANYZIK
69873;D-231693;2026-08-05;9;HIANYZIK
69877;D-231698;2026-08-05;9;HIANYZIK
69881;D-231699;2026-08-05;9;HIANYZIK
69885;D-231428;2026-08-05;9;HIANYZIK
69925;D-231444;2026-08-05;9;HIANYZIK
69940;D-231447;2026-08-05;9;HIANYZIK
69953;D-231622;2026-08-05;9;HIANYZIK
69961;D-231624;2026-08-05;9;HIANYZIK
69965;D-231625;2026-08-05;9;HIANYZIK
69977;D-231628;2026-08-05;9;HIANYZIK
69993;D-231642;2026-08-05;9;HIANYZIK
69997;D-231643;2026-08-05;9;HIANYZIK
70005;D-231645;2026-08-05;9;HIANYZIK
70009;D-231646;2026-08-05;9;HIANYZIK
70017;D-231648;2026-08-05;9;HIANYZIK
70021;D-231652;2026-08-05;9;HIANYZIK
70025;D-231654;2026-08-05;9;HIANYZIK
70037;D-231685;2026-08-05;9;HIANYZIK
70045;D-231687;2026-08-05;9;HIANYZIK
70049;D-231434;2026-08-05;9;HIANYZIK
70059;D-231436;2026-08-05;9;HIANYZIK
70060;D-231437;2026-08-05;9;HIANYZIK
70061;D-231440;2026-08-05;9;HIANYZIK
70066;D-231441;2026-08-05;9;HIANYZIK
70071;D-231631;2026-08-05;9;HIANYZIK
70079;D-231633;2026-08-05;9;HIANYZIK
70087;D-231655;2026-08-05;9;HIANYZIK
70091;D-231656;2026-08-05;9;HIANYZIK
70095;D-231657;2026-08-05;9;HIANYZIK
70099;D-231658;2026-08-05;9;HIANYZIK
70107;D-231660;2026-08-05;9;HIANYZIK
70111;D-231673;2026-08-05;9;HIANYZIK
70115;D-231674;2026-08-05;9;HIANYZIK
70119;D-231677;2026-08-05;9;HIANYZIK
70123;D-231678;2026-08-05;9;HIANYZIK
70135;D-231688;2026-08-05;9;HIANYZIK
70139;D-231689;2026-08-05;9;HIANYZIK
70143;D-231690;2026-08-05;9;HIANYZIK
70147;D-231691;2026-08-05;9;HIANYZIK
70151;D-231694;2026-08-05;9;HIANYZIK
70198;RD343;2026-08-05;9;HIANYZIK
70423;PD3880-23;2026-08-05;9;HIANYZIK
70558;D-227251;2026-08-05;9;HIANYZIK
70559;D-230349;2026-08-05;9;HIANYZIK
70569;D-230353;2026-08-05;9;HIANYZIK
70579;D-230022;2026-08-05;9;HIANYZIK
70584;D-230138;2026-08-05;9;HIANYZIK
70597;D-230147;2026-08-05;9;HIANYZIK
70602;D-230146;2026-08-05;9;HIANYZIK
70607;D-230137;2026-08-05;9;HIANYZIK
70614;D-230104;2026-08-05;9;HIANYZIK
83147;D-231068;2026-08-05;9;HIANYZIK
83154;D-231069;2026-08-05;9;HIANYZIK
83219;D-231071;2026-08-05;9;HIANYZIK
83301;D-231080;2026-08-05;9;HIANYZIK
83308;D-231081;2026-08-05;9;HIANYZIK
83480;D-231387;2026-08-05;9;HIANYZIK
83576;D-231298;2026-08-05;9;HIANYZIK
83583;D-231228;2026-08-05;9;HIANYZIK
83589;D-231229;2026-08-05;9;HIANYZIK
83656;D-230695;2026-08-05;9;HIANYZIK
83681;D-231807;2026-08-05;9;HIANYZIK
83686;D-231613;2026-08-05;9;HIANYZIK
83690;D-231615;2026-08-05;9;HIANYZIK
83694;D-231616;2026-08-05;9;HIANYZIK
83702;D-231637;2026-08-05;9;HIANYZIK
83710;D-231649;2026-08-05;9;HIANYZIK
83714;D-231651;2026-08-05;9;HIANYZIK
83718;D-231661;2026-08-05;9;HIANYZIK
83726;D-231664;2026-08-05;9;HIANYZIK
83759;D-231862;2026-08-05;9;HIANYZIK
83763;D-231863;2026-08-05;9;HIANYZIK
83767;D-231864;2026-08-05;9;HIANYZIK
83771;D-231865;2026-08-05;9;HIANYZIK
83775;D-231866;2026-08-05;9;HIANYZIK
83779;D-231867;2026-08-05;9;HIANYZIK
83797;D-231113;2026-08-05;9;HIANYZIK
83805;D-231153;2026-08-05;9;HIANYZIK
83808;D-231710;2026-08-05;9;HIANYZIK
83811;D-231711;2026-08-05;9;HIANYZIK
83814;D-229818;2026-08-05;9;HIANYZIK
83817;D-229767;2026-08-05;9;HIANYZIK
83909;D-222115;2026-08-05;9;HIANYZIK
83975;D-229940;2026-08-05;9;HIANYZIK
84007;D-230254;2026-08-05;9;HIANYZIK
84053;D-230958;2026-08-05;9;HIANYZIK
84090;D-207389;2026-08-05;9;HIANYZIK
84153;D-231700;2026-08-05;9;HIANYZIK
84223;D-219437;2026-08-05;9;HIANYZIK
84234;D-219257;2026-08-05;9;HIANYZIK
84290;D-231702;2026-08-05;9;HIANYZIK
84292;D-229548;2026-08-05;9;HIANYZIK
84327;D-221977;2026-08-05;9;HIANYZIK
84403;D-231246;2026-08-05;9;HIANYZIK
84431;D-223987;2026-08-05;9;HIANYZIK
84460;D-207335;2026-08-05;9;HIANYZIK
84560;D-205207;2026-08-05;9;HIANYZIK
84589;D-205197;2026-08-05;9;HIANYZIK
84611;D-221062;2026-08-05;9;HIANYZIK
84616;D-221063;2026-08-05;9;HIANYZIK
84714;D-223989;2026-08-05;9;HIANYZIK
84744;D-223319;2026-08-05;9;HIANYZIK
84902;D-232034;2026-08-05;9;HIANYZIK
84907;D-207388;2026-08-05;9;HIANYZIK
85239;D-232092;2026-08-05;9;HIANYZIK
85961;D-232169;2026-08-05;9;HIANYZIK
86048;D-232428;2026-08-05;9;HIANYZIK
86053;D-232429;2026-08-05;9;HIANYZIK
86155;D-232136;2026-08-05;9;HIANYZIK
86185;D-232044;2026-08-05;9;HIANYZIK
86190;D-232043;2026-08-05;9;HIANYZIK
86430;D-232172;2026-08-05;9;HIANYZIK
86434;D-232171;2026-08-05;9;HIANYZIK
86496;D-231297;2026-08-05;9;HIANYZIK
86527;D-231327;2026-08-05;9;HIANYZIK
86531;D-232416;2026-08-05;9;HIANYZIK
86533;D-232413;2026-08-05;9;HIANYZIK
86535;D-230959;2026-08-05;9;HIANYZIK
86537;D-232417;2026-08-05;9;HIANYZIK
86559;D-232192;2026-08-05;9;HIANYZIK
86702;D-232506;2026-08-05;9;HIANYZIK
86883;D-232524;2026-08-05;9;HIANYZIK
86895;D-232517;2026-08-05;9;HIANYZIK
87027;D-232530;2026-08-05;9;HIANYZIK
87032;D-232529;2026-08-05;9;HIANYZIK
87481;D-232625;2026-08-05;9;HIANYZIK
87510;D-232557;2026-08-05;9;HIANYZIK
87514;D-232559;2026-08-05;9;HIANYZIK
87528;D-232567;2026-08-05;9;HIANYZIK
88428;D-232661;2026-08-05;9;HIANYZIK
88440;D-232665;2026-08-05;9;HIANYZIK
88461;D-232662;2026-08-05;9;HIANYZIK
88482;D-232469;2026-08-05;9;HIANYZIK
88488;D-232470;2026-08-05;9;HIANYZIK
88544;D-232596;2026-08-05;9;HIANYZIK
89818;D-227175;2026-08-05;9;HIANYZIK
89844;D-229710;2026-08-05;9;HIANYZIK
90002;D-232653;2026-08-05;9;HIANYZIK
90081;D-232547;2026-08-05;9;HIANYZIK
90083;D-232548;2026-08-05;9;HIANYZIK
90145;D-232537;2026-08-05;9;HIANYZIK
90150;D-232549;2026-08-05;9;HIANYZIK
90152;D-232538;2026-08-05;9;HIANYZIK
90157;D-232542;2026-08-05;9;HIANYZIK
90161;D-232539;2026-08-05;9;HIANYZIK
90163;D-232540;2026-08-05;9;HIANYZIK
90298;D-232691;2026-08-05;9;HIANYZIK
90342;D-232701;2026-08-05;9;HIANYZIK
90414;D-232711;2026-08-05;9;HIANYZIK
90457;D-232696;2026-08-05;9;HIANYZIK
90732;D-232733;2026-08-05;9;HIANYZIK
90738;D-232819;2026-08-05;9;HIANYZIK
90758;D-232743;2026-08-05;9;HIANYZIK
90881;D-232800;2026-08-05;9;HIANYZIK
91132;1680BLACK;2026-08-05;9;HIANYZIK
91176;D-232864;2026-08-05;9;HIANYZIK
91180;D-232865;2026-08-05;9;HIANYZIK
91184;D-232866;2026-08-05;9;HIANYZIK
91202;D-232870;2026-08-05;9;HIANYZIK
91206;D-232871;2026-08-05;9;HIANYZIK
91209;D-232876;2026-08-05;9;HIANYZIK
91237;D-232879;2026-08-05;9;HIANYZIK
91302;D-231305;2026-08-05;9;HIANYZIK
91318;D-230335;2026-08-05;9;HIANYZIK
91331;D-230344;2026-08-05;9;HIANYZIK
91348;D-230351;2026-08-05;9;HIANYZIK
91367;D-230128;2026-08-05;9;HIANYZIK
91374;D-230329;2026-08-05;9;HIANYZIK
91377;D-229858;2026-08-05;9;HIANYZIK
91385;D-230013;2026-08-05;9;HIANYZIK
91397;D-230056;2026-08-05;9;HIANYZIK
91472;D-231301;2026-08-05;9;HIANYZIK
91488;D-232675;2026-08-05;9;HIANYZIK
91527;D-230014;2026-08-05;9;HIANYZIK
91534;D-230016;2026-08-05;9;HIANYZIK
91546;D-230067;2026-08-05;9;HIANYZIK
91572;D-230106;2026-08-05;9;HIANYZIK
91581;D-232840;2026-08-05;9;HIANYZIK
91681;D-232906;2026-08-05;9;HIANYZIK
91737;D-232913;2026-08-05;9;HIANYZIK
91749;D-232915;2026-08-05;9;HIANYZIK
91766;D-232921;2026-08-05;9;HIANYZIK
91790;D-232916;2026-08-05;9;HIANYZIK
92139;D-223296;2026-08-05;9;HIANYZIK
92142;D-223971;2026-08-05;9;HIANYZIK
92146;D-223972;2026-08-05;9;HIANYZIK
92150;D-223973;2026-08-05;9;HIANYZIK
92163;D-228511;2026-08-05;9;HIANYZIK
92185;D-228516;2026-08-05;9;HIANYZIK
92191;D-228519;2026-08-05;9;HIANYZIK
92197;D-228520;2026-08-05;9;HIANYZIK
92243;D-223929;2026-08-05;9;HIANYZIK
92290;D-223634;2026-08-05;9;HIANYZIK
92313;D-225617;2026-08-05;9;HIANYZIK
92330;D-230649;2026-08-05;9;HIANYZIK
92339;D-223916;2026-08-05;9;HIANYZIK
92372;D-223935;2026-08-05;9;HIANYZIK
92375;D-223942;2026-08-05;9;HIANYZIK
92410;D-223290;2026-08-05;9;HIANYZIK
92451;D-225230;2026-08-05;9;HIANYZIK
92485;D-228503;2026-08-05;9;HIANYZIK
92496;D-228504;2026-08-05;9;HIANYZIK
92530;D-233069;2026-08-05;9;HIANYZIK
92601;D-222150;2026-08-05;9;HIANYZIK
92610;D-222136;2026-08-05;9;HIANYZIK
92617;D-222146;2026-08-05;9;HIANYZIK
92633;D-222153;2026-08-05;9;HIANYZIK
92644;D-224999;2026-08-05;9;HIANYZIK
92649;D-225000;2026-08-05;9;HIANYZIK
92660;D-225008;2026-08-05;9;HIANYZIK
92676;D-225014;2026-08-05;9;HIANYZIK
92683;D-230752;2026-08-05;9;HIANYZIK
92744;D-233077;2026-08-05;9;HIANYZIK
92807;D-223616;2026-08-05;9;HIANYZIK
92820;D-223808;2026-08-05;9;HIANYZIK
92832;D-223820;2026-08-05;9;HIANYZIK
92841;D-223825;2026-08-05;9;HIANYZIK
92852;D-228498;2026-08-05;9;HIANYZIK
92883;D-228505;2026-08-05;9;HIANYZIK
92892;D-228506;2026-08-05;9;HIANYZIK
92903;D-228507;2026-08-05;9;HIANYZIK
92952;D-229180;2026-08-05;9;HIANYZIK
93004;D-230754;2026-08-05;9;HIANYZIK
93036;D-223819;2026-08-05;9;HIANYZIK
93050;D-223219;2026-08-05;9;HIANYZIK
93053;D-223806;2026-08-05;9;HIANYZIK
93103;D-223910;2026-08-05;9;HIANYZIK
93127;D-229186;2026-08-05;9;HIANYZIK
93161;D-229191;2026-08-05;9;HIANYZIK
93173;D-223943;2026-08-05;9;HIANYZIK
93209;D-225021;2026-08-05;9;HIANYZIK
93222;D-229143;2026-08-05;9;HIANYZIK
93249;D-230648;2026-08-05;9;HIANYZIK
93287;D-225232;2026-08-05;9;HIANYZIK
93291;D-225234;2026-08-05;9;HIANYZIK
93373;D-223996;2026-08-05;9;HIANYZIK
93382;D-223226;2026-08-05;9;HIANYZIK
93421;D-233096;2026-08-05;9;HIANYZIK
93427;D-233097;2026-08-05;9;HIANYZIK
93451;D-233124;2026-08-05;9;HIANYZIK
93472;D-233094;2026-08-05;9;HIANYZIK
93521;D-233101;2026-08-05;9;HIANYZIK
93527;D-233102;2026-08-05;9;HIANYZIK
93533;D-233103;2026-08-05;9;HIANYZIK
93539;D-233098;2026-08-05;9;HIANYZIK
93545;D-233099;2026-08-05;9;HIANYZIK
93841;D-233030;2026-08-05;9;HIANYZIK
93873;D-233036;2026-08-05;9;HIANYZIK
93914;D-233058;2026-08-05;9;HIANYZIK
93938;D-233060;2026-08-05;9;HIANYZIK
93975;D-233076;2026-08-05;9;HIANYZIK
94000;D-233079;2026-08-05;9;HIANYZIK
94031;D-233081;2026-08-05;9;HIANYZIK
94046;D-233082;2026-08-05;9;HIANYZIK
94058;D-233083;2026-08-05;9;HIANYZIK
94070;D-233084;2026-08-05;9;HIANYZIK
94201;D-233054;2026-08-05;9;HIANYZIK
94225;D-233056;2026-08-05;9;HIANYZIK
94237;D-233057;2026-08-05;9;HIANYZIK
94249;D-233087;2026-08-05;9;HIANYZIK
94262;D-233088;2026-08-05;9;HIANYZIK
94275;D-233089;2026-08-05;9;HIANYZIK
94288;D-233091;2026-08-05;9;HIANYZIK
94302;D-233047;2026-08-05;9;HIANYZIK
94335;D-233072;2026-08-05;9;HIANYZIK
94489;D-233306;2026-08-05;9;HIANYZIK
94496;D-233307;2026-08-05;9;HIANYZIK
94580;D-233277;2026-08-05;9;HIANYZIK
94587;D-233280;2026-08-05;9;HIANYZIK
94594;D-233281;2026-08-05;9;HIANYZIK
94643;D-233288;2026-08-05;9;HIANYZIK
94650;D-233289;2026-08-05;9;HIANYZIK
94685;D-233302;2026-08-05;9;HIANYZIK
94692;D-233303;2026-08-05;9;HIANYZIK
94699;D-233330;2026-08-05;9;HIANYZIK
94748;D-233304;2026-08-05;9;HIANYZIK
94762;D-233308;2026-08-05;9;HIANYZIK
94769;D-233309;2026-08-05;9;HIANYZIK
94877;D-226899;2026-08-05;9;HIANYZIK
95023;D-233439;2026-08-05;9;HIANYZIK
95035;D-233458;2026-08-05;9;HIANYZIK
95044;D-233440;2026-08-05;9;HIANYZIK
95058;D-233441;2026-08-05;9;HIANYZIK
95077;D-233444;2026-08-05;9;HIANYZIK
95084;D-233466;2026-08-05;9;HIANYZIK
95092;D-233465;2026-08-05;9;HIANYZIK
95119;D-233512;2026-08-05;9;HIANYZIK
95126;D-233516;2026-08-05;9;HIANYZIK
95131;D-233513;2026-08-05;9;HIANYZIK
95197;D-234004;2026-08-05;9;HIANYZIK
95202;D-234003;2026-08-05;9;HIANYZIK
95207;D-234002;2026-08-05;9;HIANYZIK
95212;D-234005;2026-08-05;9;HIANYZIK
95217;D-234016;2026-08-05;9;HIANYZIK
95222;D-234015;2026-08-05;9;HIANYZIK
95227;D-234014;2026-08-05;9;HIANYZIK
95232;D-234017;2026-08-05;9;HIANYZIK
95237;D-234000;2026-08-05;9;HIANYZIK
95242;D-233999;2026-08-05;9;HIANYZIK
95247;D-233998;2026-08-05;9;HIANYZIK
95252;D-234001;2026-08-05;9;HIANYZIK
95257;D-234008;2026-08-05;9;HIANYZIK
95262;D-234007;2026-08-05;9;HIANYZIK
95267;D-234006;2026-08-05;9;HIANYZIK
95272;D-234009;2026-08-05;9;HIANYZIK
95277;D-233996;2026-08-05;9;HIANYZIK
95282;D-233995;2026-08-05;9;HIANYZIK
95287;D-233994;2026-08-05;9;HIANYZIK
95297;D-234012;2026-08-05;9;HIANYZIK
95302;D-234011;2026-08-05;9;HIANYZIK
95307;D-234010;2026-08-05;9;HIANYZIK
95312;D-234013;2026-08-05;9;HIANYZIK
95317;D-234024;2026-08-05;9;HIANYZIK
95338;D-234019;2026-08-05;9;HIANYZIK
95343;D-234018;2026-08-05;9;HIANYZIK
95353;D-234068;2026-08-05;9;HIANYZIK
95358;D-234067;2026-08-05;9;HIANYZIK
95363;D-234066;2026-08-05;9;HIANYZIK
95368;D-234069;2026-08-05;9;HIANYZIK
95373;D-234080;2026-08-05;9;HIANYZIK
95378;D-234079;2026-08-05;9;HIANYZIK
95398;D-234063;2026-08-05;9;HIANYZIK
95403;D-234062;2026-08-05;9;HIANYZIK
95408;D-234065;2026-08-05;9;HIANYZIK
95413;D-234072;2026-08-05;9;HIANYZIK
95417;D-234071;2026-08-05;9;HIANYZIK
95421;D-234070;2026-08-05;9;HIANYZIK
95425;D-234073;2026-08-05;9;HIANYZIK
95434;D-234059;2026-08-05;9;HIANYZIK
95439;D-234058;2026-08-05;9;HIANYZIK
95449;D-234076;2026-08-05;9;HIANYZIK
95454;D-234075;2026-08-05;9;HIANYZIK
95459;D-234074;2026-08-05;9;HIANYZIK
95464;D-234077;2026-08-05;9;HIANYZIK
95469;D-234088;2026-08-05;9;HIANYZIK
95473;D-234087;2026-08-05;9;HIANYZIK
95490;D-234083;2026-08-05;9;HIANYZIK
95582;D-233673;2026-08-05;9;HIANYZIK
95585;D-233762;2026-08-05;9;HIANYZIK
95590;D-233763;2026-08-05;9;HIANYZIK
95595;D-233764;2026-08-05;9;HIANYZIK
95605;D-233766;2026-08-05;9;HIANYZIK
95608;D-233767;2026-08-05;9;HIANYZIK
95611;D-233768;2026-08-05;9;HIANYZIK
95622;D-233859;2026-08-05;9;HIANYZIK
95627;D-233860;2026-08-05;9;HIANYZIK
95632;D-233861;2026-08-05;9;HIANYZIK
95653;D-233890;2026-08-05;9;HIANYZIK
95658;D-233891;2026-08-05;9;HIANYZIK
95663;D-233892;2026-08-05;9;HIANYZIK
95668;D-233893;2026-08-05;9;HIANYZIK
95673;D-233894;2026-08-05;9;HIANYZIK
95677;D-233895;2026-08-05;9;HIANYZIK
95681;D-233896;2026-08-05;9;HIANYZIK
95685;D-233897;2026-08-05;9;HIANYZIK
95689;D-233958;2026-08-05;9;HIANYZIK
95692;D-233959;2026-08-05;9;HIANYZIK
95695;D-233960;2026-08-05;9;HIANYZIK
95698;D-233961;2026-08-05;9;HIANYZIK
95711;D-233652;2026-08-05;9;HIANYZIK
95721;D-233662;2026-08-05;9;HIANYZIK
95731;D-233664;2026-08-05;9;HIANYZIK
95741;D-233746;2026-08-05;9;HIANYZIK
95746;D-233747;2026-08-05;9;HIANYZIK
95751;D-233748;2026-08-05;9;HIANYZIK
95756;D-233749;2026-08-05;9;HIANYZIK
95761;D-233758;2026-08-05;9;HIANYZIK
95766;D-233759;2026-08-05;9;HIANYZIK
95771;D-233760;2026-08-05;9;HIANYZIK
95776;D-233761;2026-08-05;9;HIANYZIK
95781;D-233842;2026-08-05;9;HIANYZIK
95786;D-233843;2026-08-05;9;HIANYZIK
95791;D-233844;2026-08-05;9;HIANYZIK
95796;D-233845;2026-08-05;9;HIANYZIK
95801;D-233854;2026-08-05;9;HIANYZIK
95806;D-233855;2026-08-05;9;HIANYZIK
95811;D-233856;2026-08-05;9;HIANYZIK
95816;D-233857;2026-08-05;9;HIANYZIK
95821;D-233874;2026-08-05;9;HIANYZIK
95826;D-233875;2026-08-05;9;HIANYZIK
95831;D-233876;2026-08-05;9;HIANYZIK
95836;D-233877;2026-08-05;9;HIANYZIK
95841;D-233886;2026-08-05;9;HIANYZIK
95846;D-233887;2026-08-05;9;HIANYZIK
95851;D-233888;2026-08-05;9;HIANYZIK
95856;D-233889;2026-08-05;9;HIANYZIK
95867;D-233939;2026-08-05;9;HIANYZIK
95873;D-233940;2026-08-05;9;HIANYZIK
95885;D-233950;2026-08-05;9;HIANYZIK
95891;D-233951;2026-08-05;9;HIANYZIK
95919;D-233648;2026-08-05;9;HIANYZIK
95924;D-233649;2026-08-05;9;HIANYZIK
95949;D-233742;2026-08-05;9;HIANYZIK
95955;D-233743;2026-08-05;9;HIANYZIK
95961;D-233744;2026-08-05;9;HIANYZIK
95973;D-233750;2026-08-05;9;HIANYZIK
95978;D-233751;2026-08-05;9;HIANYZIK
95983;D-233752;2026-08-05;9;HIANYZIK
95988;D-233753;2026-08-05;9;HIANYZIK
95993;D-233838;2026-08-05;9;HIANYZIK
95998;D-233839;2026-08-05;9;HIANYZIK
96003;D-233840;2026-08-05;9;HIANYZIK
96008;D-233841;2026-08-05;9;HIANYZIK
96013;D-233846;2026-08-05;9;HIANYZIK
96018;D-233847;2026-08-05;9;HIANYZIK
96023;D-233848;2026-08-05;9;HIANYZIK
96028;D-233849;2026-08-05;9;HIANYZIK
96033;D-233870;2026-08-05;9;HIANYZIK
96038;D-233871;2026-08-05;9;HIANYZIK
96043;D-233872;2026-08-05;9;HIANYZIK
96048;D-233873;2026-08-05;9;HIANYZIK
96053;D-233878;2026-08-05;9;HIANYZIK
96058;D-233879;2026-08-05;9;HIANYZIK
96063;D-233880;2026-08-05;9;HIANYZIK
96068;D-233881;2026-08-05;9;HIANYZIK
96073;D-233934;2026-08-05;9;HIANYZIK
96078;D-233935;2026-08-05;9;HIANYZIK
96083;D-233936;2026-08-05;9;HIANYZIK
96088;D-233937;2026-08-05;9;HIANYZIK
96093;D-233942;2026-08-05;9;HIANYZIK
96098;D-233943;2026-08-05;9;HIANYZIK
96103;D-233944;2026-08-05;9;HIANYZIK
96108;D-233945;2026-08-05;9;HIANYZIK
96123;D-233644;2026-08-05;9;HIANYZIK
96153;D-233738;2026-08-05;9;HIANYZIK
96158;D-233739;2026-08-05;9;HIANYZIK
96163;D-233740;2026-08-05;9;HIANYZIK
96168;D-233741;2026-08-05;9;HIANYZIK
96173;D-233754;2026-08-05;9;HIANYZIK
96178;D-233755;2026-08-05;9;HIANYZIK
96183;D-233756;2026-08-05;9;HIANYZIK
96188;D-233757;2026-08-05;9;HIANYZIK
96194;D-233835;2026-08-05;9;HIANYZIK
96199;D-233836;2026-08-05;9;HIANYZIK
96204;D-233837;2026-08-05;9;HIANYZIK
96209;D-233850;2026-08-05;9;HIANYZIK
96214;D-233851;2026-08-05;9;HIANYZIK
96219;D-233852;2026-08-05;9;HIANYZIK
96224;D-233853;2026-08-05;9;HIANYZIK
96229;D-233866;2026-08-05;9;HIANYZIK
96234;D-233867;2026-08-05;9;HIANYZIK
96239;D-233868;2026-08-05;9;HIANYZIK
96249;D-233882;2026-08-05;9;HIANYZIK
96254;D-233883;2026-08-05;9;HIANYZIK
96259;D-233884;2026-08-05;9;HIANYZIK
96264;D-233885;2026-08-05;9;HIANYZIK
96314;D-233684;2026-08-05;9;HIANYZIK
96319;D-233683;2026-08-05;9;HIANYZIK
96329;D-233685;2026-08-05;9;HIANYZIK
96339;D-233695;2026-08-05;9;HIANYZIK
96344;D-233694;2026-08-05;9;HIANYZIK
96349;D-233697;2026-08-05;9;HIANYZIK
96359;D-233679;2026-08-05;9;HIANYZIK
96374;D-233688;2026-08-05;9;HIANYZIK
96378;D-233687;2026-08-05;9;HIANYZIK
96382;D-233686;2026-08-05;9;HIANYZIK
96386;D-233689;2026-08-05;9;HIANYZIK
96395;D-233675;2026-08-05;9;HIANYZIK
96405;D-233677;2026-08-05;9;HIANYZIK
96410;D-233692;2026-08-05;9;HIANYZIK
96415;D-233691;2026-08-05;9;HIANYZIK
96420;D-233690;2026-08-05;9;HIANYZIK
96425;D-233693;2026-08-05;9;HIANYZIK
96430;D-233704;2026-08-05;9;HIANYZIK
96435;D-233703;2026-08-05;9;HIANYZIK
96455;D-233699;2026-08-05;9;HIANYZIK
96475;D-233715;2026-08-05;9;HIANYZIK
96485;D-233717;2026-08-05;9;HIANYZIK
96490;D-233728;2026-08-05;9;HIANYZIK
96495;D-233727;2026-08-05;9;HIANYZIK
96500;D-233726;2026-08-05;9;HIANYZIK
96505;D-233729;2026-08-05;9;HIANYZIK
96510;D-233712;2026-08-05;9;HIANYZIK
96515;D-233711;2026-08-05;9;HIANYZIK
96520;D-233710;2026-08-05;9;HIANYZIK
96525;D-233713;2026-08-05;9;HIANYZIK
96530;D-233720;2026-08-05;9;HIANYZIK
96535;D-233719;2026-08-05;9;HIANYZIK
96540;D-233718;2026-08-05;9;HIANYZIK
96545;D-233721;2026-08-05;9;HIANYZIK
96550;D-233708;2026-08-05;9;HIANYZIK
96555;D-233707;2026-08-05;9;HIANYZIK
96560;D-233706;2026-08-05;9;HIANYZIK
96570;D-233724;2026-08-05;9;HIANYZIK
96575;D-233723;2026-08-05;9;HIANYZIK
96580;D-233722;2026-08-05;9;HIANYZIK
96585;D-233725;2026-08-05;9;HIANYZIK
96611;D-233731;2026-08-05;9;HIANYZIK
96626;D-233791;2026-08-05;9;HIANYZIK
96636;D-233793;2026-08-05;9;HIANYZIK
96641;D-233780;2026-08-05;9;HIANYZIK
96646;D-233779;2026-08-05;9;HIANYZIK
96656;D-233781;2026-08-05;9;HIANYZIK
96661;D-233792;2026-08-05;9;HIANYZIK
96666;D-233776;2026-08-05;9;HIANYZIK
96671;D-233775;2026-08-05;9;HIANYZIK
96686;D-233784;2026-08-05;9;HIANYZIK
96691;D-233783;2026-08-05;9;HIANYZIK
96696;D-233782;2026-08-05;9;HIANYZIK
96701;D-233785;2026-08-05;9;HIANYZIK
96706;D-233772;2026-08-05;9;HIANYZIK
96711;D-233771;2026-08-05;9;HIANYZIK
96716;D-233770;2026-08-05;9;HIANYZIK
96726;D-233788;2026-08-05;9;HIANYZIK
96731;D-233787;2026-08-05;9;HIANYZIK
96736;D-233786;2026-08-05;9;HIANYZIK
96741;D-233789;2026-08-05;9;HIANYZIK
96746;D-233800;2026-08-05;9;HIANYZIK
96754;D-233798;2026-08-05;9;HIANYZIK
96762;D-233796;2026-08-05;9;HIANYZIK
96767;D-233795;2026-08-05;9;HIANYZIK
96782;D-233812;2026-08-05;9;HIANYZIK
96787;D-233811;2026-08-05;9;HIANYZIK
96807;D-233823;2026-08-05;9;HIANYZIK
96812;D-233822;2026-08-05;9;HIANYZIK
96827;D-233807;2026-08-05;9;HIANYZIK
96842;D-233816;2026-08-05;9;HIANYZIK
96847;D-233815;2026-08-05;9;HIANYZIK
96852;D-233814;2026-08-05;9;HIANYZIK
96857;D-233817;2026-08-05;9;HIANYZIK
96862;D-233804;2026-08-05;9;HIANYZIK
96867;D-233803;2026-08-05;9;HIANYZIK
96872;D-233802;2026-08-05;9;HIANYZIK
96882;D-233820;2026-08-05;9;HIANYZIK
96887;D-233819;2026-08-05;9;HIANYZIK
96892;D-233818;2026-08-05;9;HIANYZIK
96897;D-233821;2026-08-05;9;HIANYZIK
96902;D-233832;2026-08-05;9;HIANYZIK
96911;D-233833;2026-08-05;9;HIANYZIK
96934;D-233908;2026-08-05;9;HIANYZIK
96939;D-233907;2026-08-05;9;HIANYZIK
96954;D-233920;2026-08-05;9;HIANYZIK
96959;D-233919;2026-08-05;9;HIANYZIK
96964;D-233918;2026-08-05;9;HIANYZIK
96974;D-233904;2026-08-05;9;HIANYZIK
96984;D-233902;2026-08-05;9;HIANYZIK
96989;D-233905;2026-08-05;9;HIANYZIK
97014;D-233900;2026-08-05;9;HIANYZIK
97054;D-233928;2026-08-05;9;HIANYZIK
97058;D-233927;2026-08-05;9;HIANYZIK
97090;D-233932;2026-08-05;9;HIANYZIK
97095;D-233931;2026-08-05;9;HIANYZIK
97105;D-233933;2026-08-05;9;HIANYZIK
97110;D-233948;2026-08-05;9;HIANYZIK
97115;D-233947;2026-08-05;9;HIANYZIK
97120;D-233946;2026-08-05;9;HIANYZIK
97125;D-233949;2026-08-05;9;HIANYZIK
97130;D-233956;2026-08-05;9;HIANYZIK
97135;D-233955;2026-08-05;9;HIANYZIK
97140;D-233954;2026-08-05;9;HIANYZIK
97145;D-233957;2026-08-05;9;HIANYZIK
97150;D-234036;2026-08-05;9;HIANYZIK
97155;D-234035;2026-08-05;9;HIANYZIK
97165;D-234037;2026-08-05;9;HIANYZIK
97170;D-234048;2026-08-05;9;HIANYZIK
97175;D-234047;2026-08-05;9;HIANYZIK
97180;D-234046;2026-08-05;9;HIANYZIK
97190;D-234032;2026-08-05;9;HIANYZIK
97195;D-234031;2026-08-05;9;HIANYZIK
97200;D-234030;2026-08-05;9;HIANYZIK
97205;D-234033;2026-08-05;9;HIANYZIK
97210;D-234040;2026-08-05;9;HIANYZIK
97215;D-234039;2026-08-05;9;HIANYZIK
97220;D-234038;2026-08-05;9;HIANYZIK
97225;D-234041;2026-08-05;9;HIANYZIK
97230;D-234028;2026-08-05;9;HIANYZIK
97235;D-234027;2026-08-05;9;HIANYZIK
97250;D-234044;2026-08-05;9;HIANYZIK
97255;D-234043;2026-08-05;9;HIANYZIK
97260;D-234042;2026-08-05;9;HIANYZIK
97265;D-234045;2026-08-05;9;HIANYZIK
97273;D-234055;2026-08-05;9;HIANYZIK
97286;D-234051;2026-08-05;9;HIANYZIK
97298;D-234132;2026-08-05;9;HIANYZIK
97303;D-234131;2026-08-05;9;HIANYZIK
97308;D-234130;2026-08-05;9;HIANYZIK
97313;D-234133;2026-08-05;9;HIANYZIK
97318;D-234144;2026-08-05;9;HIANYZIK
97323;D-234143;2026-08-05;9;HIANYZIK
97328;D-234142;2026-08-05;9;HIANYZIK
97333;D-234145;2026-08-05;9;HIANYZIK
97338;D-234128;2026-08-05;9;HIANYZIK
97344;D-234127;2026-08-05;9;HIANYZIK
97350;D-234126;2026-08-05;9;HIANYZIK
97356;D-234129;2026-08-05;9;HIANYZIK
97362;D-234136;2026-08-05;9;HIANYZIK
97367;D-234135;2026-08-05;9;HIANYZIK
97372;D-234134;2026-08-05;9;HIANYZIK
97377;D-234137;2026-08-05;9;HIANYZIK
97382;D-234124;2026-08-05;9;HIANYZIK
97387;D-234123;2026-08-05;9;HIANYZIK
97392;D-234122;2026-08-05;9;HIANYZIK
97397;D-234125;2026-08-05;9;HIANYZIK
97402;D-234140;2026-08-05;9;HIANYZIK
97407;D-234139;2026-08-05;9;HIANYZIK
97412;D-234138;2026-08-05;9;HIANYZIK
97417;D-234141;2026-08-05;9;HIANYZIK
97422;D-234152;2026-08-05;9;HIANYZIK
97425;D-234151;2026-08-05;9;HIANYZIK
97428;D-234150;2026-08-05;9;HIANYZIK
97431;D-234153;2026-08-05;9;HIANYZIK
97434;D-234148;2026-08-05;9;HIANYZIK
97438;D-234147;2026-08-05;9;HIANYZIK
97442;D-234146;2026-08-05;9;HIANYZIK
97446;D-234149;2026-08-05;9;HIANYZIK
97579;D-232947;2026-08-05;9;HIANYZIK
97623;D-230358;2026-08-05;9;HIANYZIK
97633;D-230361;2026-08-05;9;HIANYZIK
97665;D-230076;2026-08-05;9;HIANYZIK
97675;D-231303;2026-08-05;9;HIANYZIK
97694;D-229909;2026-08-05;9;HIANYZIK
97698;D-230061;2026-08-05;9;HIANYZIK
97705;D-230078;2026-08-05;9;HIANYZIK
97717;D-230082;2026-08-05;9;HIANYZIK
97728;D-230085;2026-08-05;9;HIANYZIK
97732;D-230086;2026-08-05;9;HIANYZIK
97778;D-232956;2026-08-05;9;HIANYZIK
97784;D-232957;2026-08-05;9;HIANYZIK
97794;D-234706;2026-08-05;9;HIANYZIK
97798;D-234707;2026-08-05;9;HIANYZIK
97802;D-234708;2026-08-05;9;HIANYZIK
97806;D-234719;2026-08-05;9;HIANYZIK
97810;D-230052;2026-08-05;9;HIANYZIK
97823;D-230101;2026-08-05;9;HIANYZIK
97837;D-232035;2026-08-05;9;HIANYZIK
97840;D-232954;2026-08-05;9;HIANYZIK
97845;D-230148;2026-08-05;9;HIANYZIK
97850;D-230315;2026-08-05;9;HIANYZIK
97856;D-232676;2026-08-05;9;HIANYZIK
97860;D-230969;2026-08-05;9;HIANYZIK
97873;D-234750;2026-08-05;9;HIANYZIK
97878;D-232967;2026-08-05;9;HIANYZIK
97884;D-232953;2026-08-05;9;HIANYZIK
97892;D-229795;2026-08-05;9;HIANYZIK
97896;D-232678;2026-08-05;9;HIANYZIK
97899;D-232679;2026-08-05;9;HIANYZIK
97902;D-232680;2026-08-05;9;HIANYZIK
97905;D-232949;2026-08-05;9;HIANYZIK
97908;D-232966;2026-08-05;9;HIANYZIK
98200;D-219192;2026-08-05;9;HIANYZIK
98275;D-219480;2026-08-05;9;HIANYZIK
98753;D-219420;2026-08-05;9;HIANYZIK
98756;D-219981;2026-08-05;9;HIANYZIK
98766;D-219987;2026-08-05;9;HIANYZIK
98808;D-229708;2026-08-05;9;HIANYZIK
99353;D-232962;2026-08-05;9;HIANYZIK
99360;D-233152;2026-08-05;9;HIANYZIK
99403;D-235819;2026-08-05;9;HIANYZIK
99674;free01;2026-08-05;9;HIANYZIK
100263;D-236355;2026-08-05;9;HIANYZIK
100272;D-236356;2026-08-05;9;HIANYZIK
100279;D-236357;2026-08-05;9;HIANYZIK
100417;D-234866;2026-08-05;9;HIANYZIK
100421;D-235898;2026-08-05;9;HIANYZIK
100426;D-236397;2026-08-05;9;HIANYZIK
100605;D-234426;2026-08-05;9;HIANYZIK
100625;D-234425;2026-08-05;9;HIANYZIK
100635;D-234423;2026-08-05;9;HIANYZIK
100651;D-234422;2026-08-05;9;HIANYZIK
100675;D-236053;2026-08-05;9;HIANYZIK
100731;D-236069;2026-08-05;9;HIANYZIK
100743;D-236068;2026-08-05;9;HIANYZIK
100765;D-236065;2026-08-05;9;HIANYZIK
100773;D-236057;2026-08-05;9;HIANYZIK
100781;D-236058;2026-08-05;9;HIANYZIK
100789;D-236056;2026-08-05;9;HIANYZIK
100917;D-234703;2026-08-05;9;HIANYZIK
100929;D-234702;2026-08-05;9;HIANYZIK
100964;D-234698;2026-08-05;9;HIANYZIK
101026;D-235653;2026-08-05;9;HIANYZIK
101109;D-235787;2026-08-05;9;HIANYZIK
101133;D-235778;2026-08-05;9;HIANYZIK
101177;D-235792;2026-08-05;9;HIANYZIK
101236;D-234962;2026-08-05;9;HIANYZIK
101351;D-234947;2026-08-05;9;HIANYZIK
101386;D-234964;2026-08-05;9;HIANYZIK
101394;D-234965;2026-08-05;9;HIANYZIK
101402;D-234963;2026-08-05;9;HIANYZIK
101466;D-236326;2026-08-05;9;HIANYZIK
101482;D-236325;2026-08-05;9;HIANYZIK
101490;D-234869;2026-08-05;9;HIANYZIK
101535;D-235905;2026-08-05;9;HIANYZIK
101579;D-235914;2026-08-05;9;HIANYZIK
101625;D-235911;2026-08-05;9;HIANYZIK
101642;D-222671;2026-08-05;9;HIANYZIK
101650;D-235711;2026-08-05;9;HIANYZIK
101666;D-235710;2026-08-05;9;HIANYZIK
101674;D-235714;2026-08-05;9;HIANYZIK
101690;D-235713;2026-08-05;9;HIANYZIK
101708;D-235709;2026-08-05;9;HIANYZIK
101718;D-235707;2026-08-05;9;HIANYZIK
101744;D-235716;2026-08-05;9;HIANYZIK
101764;D-235719;2026-08-05;9;HIANYZIK
101786;D-235704;2026-08-05;9;HIANYZIK
101794;D-235723;2026-08-05;9;HIANYZIK
101804;D-235724;2026-08-05;9;HIANYZIK
101814;D-235722;2026-08-05;9;HIANYZIK
101832;D-236400;2026-08-05;9;HIANYZIK
101840;D-236398;2026-08-05;9;HIANYZIK
101848;D-236402;2026-08-05;9;HIANYZIK
101856;D-236403;2026-08-05;9;HIANYZIK
101864;D-236401;2026-08-05;9;HIANYZIK
101880;D-235725;2026-08-05;9;HIANYZIK
101927;D-233140;2026-08-05;9;HIANYZIK
101991;D-236333;2026-08-05;9;HIANYZIK
101999;D-236332;2026-08-05;9;HIANYZIK
102063;D-235983;2026-08-05;9;HIANYZIK
102111;D-235992;2026-08-05;9;HIANYZIK
102119;D-235990;2026-08-05;9;HIANYZIK
102143;D-235987;2026-08-05;9;HIANYZIK
102183;D-236185;2026-08-05;9;HIANYZIK
102199;D-236184;2026-08-05;9;HIANYZIK
102207;D-236194;2026-08-05;9;HIANYZIK
102223;D-236193;2026-08-05;9;HIANYZIK
102407;D-236418;2026-08-05;9;HIANYZIK
102423;D-236420;2026-08-05;9;HIANYZIK
102496;D-236082;2026-08-05;9;HIANYZIK
102520;D-236083;2026-08-05;9;HIANYZIK
102526;D-236084;2026-08-05;9;HIANYZIK
103134;PD5502-29;2026-08-05;9;HIANYZIK
103224;PD5510-29;2026-08-05;9;HIANYZIK
103247;PD5607-21;2026-08-05;9;HIANYZIK
103282;PD5525-21;2026-08-05;9;HIANYZIK
103320;PD5643-21;2026-08-05;9;HIANYZIK
103433;D-236513;2026-08-05;9;HIANYZIK
103449;D-236508;2026-08-05;9;HIANYZIK
103507;D-236519;2026-08-05;9;HIANYZIK
103510;D-236522;2026-08-05;9;HIANYZIK
103528;D-236526;2026-08-05;9;HIANYZIK
103531;D-236527;2026-08-05;9;HIANYZIK
103540;D-236530;2026-08-05;9;HIANYZIK
103588;PD5539-21;2026-08-05;9;HIANYZIK
103596;PD5561-21;2026-08-05;9;HIANYZIK
103602;PD5562-21;2026-08-05;9;HIANYZIK
103609;PD5603-29;2026-08-05;9;HIANYZIK
103663;PD5714-21;2026-08-05;9;HIANYZIK
103819;D-209343;2026-08-05;9;HIANYZIK
103901;D-209340;2026-08-05;9;HIANYZIK
103942;D-209341;2026-08-05;9;HIANYZIK
103945;D-209342;2026-08-05;9;HIANYZIK
103948;D-220951;2026-08-05;9;HIANYZIK
104675;D-237777;2026-08-05;9;HIANYZIK
105225;D-238114;2026-08-05;9;HIANYZIK
105375;D-220194;2026-08-05;9;HIANYZIK
105379;D-220192;2026-08-05;9;HIANYZIK
105382;D-221057;2026-08-05;9;HIANYZIK
105389;D-222114;2026-08-05;9;HIANYZIK
105392;D-228127;2026-08-05;9;HIANYZIK
105397;D-226768;2026-08-05;9;HIANYZIK
105400;D-229945;2026-08-05;9;HIANYZIK
105403;D-229942;2026-08-05;9;HIANYZIK
105406;D-229944;2026-08-05;9;HIANYZIK
105409;D-229943;2026-08-05;9;HIANYZIK
105412;D-221054;2026-08-05;9;HIANYZIK
105416;D-221056;2026-08-05;9;HIANYZIK
105421;D-221055;2026-08-05;9;HIANYZIK
105426;D-228128;2026-08-05;9;HIANYZIK
105603;D-238165;2026-08-05;9;HIANYZIK
105609;D-238164;2026-08-05;9;HIANYZIK
105691;D-238315;2026-08-05;9;HIANYZIK
105695;D-238380;2026-08-05;9;HIANYZIK
105700;D-238370;2026-08-05;9;HIANYZIK
105705;D-238372;2026-08-05;9;HIANYZIK
105710;D-230975;2026-08-05;9;HIANYZIK
105715;D-238378;2026-08-05;9;HIANYZIK
105720;D-238377;2026-08-05;9;HIANYZIK
105725;D-238382;2026-08-05;9;HIANYZIK
105730;D-238375;2026-08-05;9;HIANYZIK
105735;D-231412;2026-08-05;9;HIANYZIK
105741;D-238371;2026-08-05;9;HIANYZIK
105746;D-238379;2026-08-05;9;HIANYZIK
105756;D-238383;2026-08-05;9;HIANYZIK
105761;D-235860;2026-08-05;9;HIANYZIK
105767;D-231413;2026-08-05;9;HIANYZIK
105774;D-238376;2026-08-05;9;HIANYZIK
105779;D-231414;2026-08-05;9;HIANYZIK
105785;D-231857;2026-08-05;9;HIANYZIK
105792;D-238374;2026-08-05;9;HIANYZIK
105797;D-232959;2026-08-05;9;HIANYZIK
105805;D-238384;2026-08-05;9;HIANYZIK
105810;D-238381;2026-08-05;9;HIANYZIK
105815;D-238373;2026-08-05;9;HIANYZIK
105820;D-233595;2026-08-05;9;HIANYZIK
105828;D-235736;2026-08-05;9;HIANYZIK
105836;D-233596;2026-08-05;9;HIANYZIK
105844;D-232739;2026-08-05;9;HIANYZIK
105852;D-232078;2026-08-05;9;HIANYZIK
105858;D-231138;2026-08-05;9;HIANYZIK
105867;D-237678;2026-08-05;9;HIANYZIK
105872;D-232648;2026-08-05;9;HIANYZIK
105880;D-236159;2026-08-05;9;HIANYZIK
105888;D-234937;2026-08-05;9;HIANYZIK
105898;D-236962;2026-08-05;9;HIANYZIK
105941;D-238075;2026-08-05;9;HIANYZIK
105947;D-233517;2026-08-05;9;HIANYZIK
105955;D-233475;2026-08-05;9;HIANYZIK
105961;D-233476;2026-08-05;9;HIANYZIK
105967;D-233477;2026-08-05;9;HIANYZIK
105972;D-233529;2026-08-05;9;HIANYZIK
105974;D-233493;2026-08-05;9;HIANYZIK
105984;D-233494;2026-08-05;9;HIANYZIK
105992;D-238158;2026-08-05;9;HIANYZIK
105996;D-238159;2026-08-05;9;HIANYZIK
106000;D-233450;2026-08-05;9;HIANYZIK
106005;D-233483;2026-08-05;9;HIANYZIK
106009;D-233484;2026-08-05;9;HIANYZIK
106013;D-233491;2026-08-05;9;HIANYZIK
106030;D-233492;2026-08-05;9;HIANYZIK
106051;D-233500;2026-08-05;9;HIANYZIK
106074;D-233507;2026-08-05;9;HIANYZIK
106086;D-238076;2026-08-05;9;HIANYZIK
106092;D-238425;2026-08-05;9;HIANYZIK
106097;D-238426;2026-08-05;9;HIANYZIK
106102;D-238427;2026-08-05;9;HIANYZIK
106107;D-238428;2026-08-05;9;HIANYZIK
106112;D-238429;2026-08-05;9;HIANYZIK
106117;D-238430;2026-08-05;9;HIANYZIK
106130;D-233489;2026-08-05;9;HIANYZIK
106171;D-233442;2026-08-05;9;HIANYZIK
106179;D-233445;2026-08-05;9;HIANYZIK
106187;D-233446;2026-08-05;9;HIANYZIK
106207;D-233448;2026-08-05;9;HIANYZIK
106216;D-233449;2026-08-05;9;HIANYZIK
106224;D-233451;2026-08-05;9;HIANYZIK
106235;D-233452;2026-08-05;9;HIANYZIK
106247;D-233453;2026-08-05;9;HIANYZIK
106254;D-233454;2026-08-05;9;HIANYZIK
106263;D-233455;2026-08-05;9;HIANYZIK
106270;D-233456;2026-08-05;9;HIANYZIK
106277;D-233457;2026-08-05;9;HIANYZIK
106286;D-233459;2026-08-05;9;HIANYZIK
106296;D-233460;2026-08-05;9;HIANYZIK
106311;D-233462;2026-08-05;9;HIANYZIK
106318;D-233463;2026-08-05;9;HIANYZIK
106324;D-233464;2026-08-05;9;HIANYZIK
106335;D-233468;2026-08-05;9;HIANYZIK
106346;D-233469;2026-08-05;9;HIANYZIK
106356;D-233472;2026-08-05;9;HIANYZIK
106360;D-233474;2026-08-05;9;HIANYZIK
106367;D-233478;2026-08-05;9;HIANYZIK
106372;D-233479;2026-08-05;9;HIANYZIK
106378;D-233480;2026-08-05;9;HIANYZIK
106382;D-233481;2026-08-05;9;HIANYZIK
106386;D-233482;2026-08-05;9;HIANYZIK
106393;D-234935;2026-08-05;9;HIANYZIK
106399;D-234936;2026-08-05;9;HIANYZIK
106408;D-236048;2026-08-05;9;HIANYZIK
106415;D-236049;2026-08-05;9;HIANYZIK
106422;D-236487;2026-08-05;9;HIANYZIK
106429;D-236488;2026-08-05;9;HIANYZIK
106435;D-238115;2026-08-05;9;HIANYZIK
106442;D-238116;2026-08-05;9;HIANYZIK
106448;D-233527;2026-08-05;9;HIANYZIK
106450;D-233525;2026-08-05;9;HIANYZIK
106455;D-233490;2026-08-05;9;HIANYZIK
106459;D-233514;2026-08-05;9;HIANYZIK
106465;D-233515;2026-08-05;9;HIANYZIK
106470;D-233520;2026-08-05;9;HIANYZIK
106473;D-233485;2026-08-05;9;HIANYZIK
106481;D-233486;2026-08-05;9;HIANYZIK
106499;D-235521;2026-08-05;9;HIANYZIK
106590;D-238669;2026-08-05;9;HIANYZIK
106636;D-237724;2026-08-05;9;HIANYZIK
106649;D-238620;2026-08-05;9;HIANYZIK
106729;D-238633;2026-08-05;9;HIANYZIK
106742;D-238636;2026-08-05;9;HIANYZIK
106852;D-238613;2026-08-05;9;HIANYZIK
108090;D-238331;2026-08-05;9;HIANYZIK
108360;D-239289;2026-08-05;9;HIANYZIK
108369;D-239290;2026-08-05;9;HIANYZIK
109375;D-232087;2026-08-05;9;HIANYZIK
109386;D-232088;2026-08-05;9;HIANYZIK
109607;D-237590;2026-08-05;9;HIANYZIK
109679;D-238142;2026-08-05;9;HIANYZIK
109718;D-237600;2026-08-05;9;HIANYZIK
109724;D-237596;2026-08-05;9;HIANYZIK
109730;D-237597;2026-08-05;9;HIANYZIK
109761;D-238140;2026-08-05;9;HIANYZIK
109787;D-234330;2026-08-05;9;HIANYZIK
109789;D-216597;2026-08-05;9;HIANYZIK
109830;D-238144;2026-08-05;9;HIANYZIK
109835;D-234320;2026-08-05;9;HIANYZIK
109857;D-238137;2026-08-05;9;HIANYZIK
109914;D-238149;2026-08-05;9;HIANYZIK
109935;D-232924;2026-08-05;9;HIANYZIK
109940;D-232925;2026-08-05;9;HIANYZIK
109975;D-234864;2026-08-05;9;HIANYZIK
109989;D-234890;2026-08-05;9;HIANYZIK
110034;D-237588;2026-08-05;9;HIANYZIK
110101;D-237607;2026-08-05;9;HIANYZIK
110632;D-240532;2026-08-05;9;HIANYZIK
110636;D-240528;2026-08-05;9;HIANYZIK
110641;D-240529;2026-08-05;9;HIANYZIK
110646;D-240530;2026-08-05;9;HIANYZIK
110650;D-240531;2026-08-05;9;HIANYZIK
110663;D-240517;2026-08-05;9;HIANYZIK
110697;D-241187;2026-08-05;9;HIANYZIK
110702;D-240535;2026-08-05;9;HIANYZIK
110705;D-240536;2026-08-05;9;HIANYZIK
110708;D-240537;2026-08-05;9;HIANYZIK
110712;D-240538;2026-08-05;9;HIANYZIK
110734;D-241184;2026-08-05;9;HIANYZIK
110738;D-239976;2026-08-05;9;HIANYZIK
110750;D-239974;2026-08-05;9;HIANYZIK
110756;D-239975;2026-08-05;9;HIANYZIK
110856;D-239973;2026-08-05;9;HIANYZIK
110884;D-240545;2026-08-05;9;HIANYZIK
111941;D-239135;2026-08-05;9;HIANYZIK
111955;D-239220;2026-08-05;9;HIANYZIK
111958;D-239221;2026-08-05;9;HIANYZIK
111964;D-239126;2026-08-05;9;HIANYZIK
111969;D-239127;2026-08-05;9;HIANYZIK
111980;D-239138;2026-08-05;9;HIANYZIK
111986;D-239139;2026-08-05;9;HIANYZIK
112024;D-239110;2026-08-05;9;HIANYZIK
112030;D-239122;2026-08-05;9;HIANYZIK
112038;D-239123;2026-08-05;9;HIANYZIK
112071;D-239158;2026-08-05;9;HIANYZIK
112077;D-239159;2026-08-05;9;HIANYZIK
112083;D-239164;2026-08-05;9;HIANYZIK
112089;D-239165;2026-08-05;9;HIANYZIK
112113;D-239175;2026-08-05;9;HIANYZIK
112121;D-239190;2026-08-05;9;HIANYZIK
112135;D-239202;2026-08-05;9;HIANYZIK
112140;D-239203;2026-08-05;9;HIANYZIK
112149;D-239207;2026-08-05;9;HIANYZIK
112161;D-241525;2026-08-05;9;HIANYZIK
112191;D-239128;2026-08-05;9;HIANYZIK
112194;D-239129;2026-08-05;9;HIANYZIK
112197;D-239134;2026-08-05;9;HIANYZIK
112213;D-239149;2026-08-05;9;HIANYZIK
112220;D-239166;2026-08-05;9;HIANYZIK
112225;D-239167;2026-08-05;9;HIANYZIK
112236;D-239181;2026-08-05;9;HIANYZIK
112239;D-239186;2026-08-05;9;HIANYZIK
112249;D-239188;2026-08-05;9;HIANYZIK
112252;D-239189;2026-08-05;9;HIANYZIK
112255;D-239191;2026-08-05;9;HIANYZIK
112264;D-239218;2026-08-05;9;HIANYZIK
112266;D-239222;2026-08-05;9;HIANYZIK
112303;D-239506;2026-08-05;9;HIANYZIK
112324;D-239508;2026-08-05;9;HIANYZIK
112332;D-239172;2026-08-05;9;HIANYZIK
112339;D-239173;2026-08-05;9;HIANYZIK
112358;D-239879;2026-08-05;9;HIANYZIK
112364;D-239880;2026-08-05;9;HIANYZIK
112365;D-239881;2026-08-05;9;HIANYZIK
112402;D-239152;2026-08-05;9;HIANYZIK
112410;D-239153;2026-08-05;9;HIANYZIK
112418;D-239176;2026-08-05;9;HIANYZIK
112425;D-239177;2026-08-05;9;HIANYZIK
112462;D-239214;2026-08-05;9;HIANYZIK
112465;D-239215;2026-08-05;9;HIANYZIK
112492;D-239876;2026-08-05;9;HIANYZIK
112515;D-240085;2026-08-05;9;HIANYZIK
112539;D-241231;2026-08-05;9;HIANYZIK
112566;D-239090;2026-08-05;9;HIANYZIK
112576;D-239091;2026-08-05;9;HIANYZIK
112586;D-239092;2026-08-05;9;HIANYZIK
112601;D-239093;2026-08-05;9;HIANYZIK
112616;D-239094;2026-08-05;9;HIANYZIK
112633;D-239095;2026-08-05;9;HIANYZIK
112650;D-239096;2026-08-05;9;HIANYZIK
112661;D-239097;2026-08-05;9;HIANYZIK
112672;D-239098;2026-08-05;9;HIANYZIK
112684;D-239099;2026-08-05;9;HIANYZIK
112700;D-239105;2026-08-05;9;HIANYZIK
112706;D-239106;2026-08-05;9;HIANYZIK
112718;D-239108;2026-08-05;9;HIANYZIK
112728;D-239112;2026-08-05;9;HIANYZIK
112735;D-239113;2026-08-05;9;HIANYZIK
112749;D-239118;2026-08-05;9;HIANYZIK
112754;D-239119;2026-08-05;9;HIANYZIK
112759;D-239120;2026-08-05;9;HIANYZIK
112764;D-239121;2026-08-05;9;HIANYZIK
112769;D-239124;2026-08-05;9;HIANYZIK
112787;D-239131;2026-08-05;9;HIANYZIK
112793;D-239133;2026-08-05;9;HIANYZIK
112799;D-239156;2026-08-05;9;HIANYZIK
112807;D-239157;2026-08-05;9;HIANYZIK
112815;D-239160;2026-08-05;9;HIANYZIK
112823;D-239161;2026-08-05;9;HIANYZIK
112831;D-239162;2026-08-05;9;HIANYZIK
112861;D-239182;2026-08-05;9;HIANYZIK
112867;D-239183;2026-08-05;9;HIANYZIK
112881;D-239208;2026-08-05;9;HIANYZIK
112891;D-239227;2026-08-05;9;HIANYZIK
112898;D-239228;2026-08-05;9;HIANYZIK
112945;D-239887;2026-08-05;9;HIANYZIK
112951;D-239888;2026-08-05;9;HIANYZIK
112952;D-239889;2026-08-05;9;HIANYZIK
112958;D-239890;2026-08-05;9;HIANYZIK
113015;D-241529;2026-08-05;9;HIANYZIK
113039;D-239114;2026-08-05;9;HIANYZIK
113043;D-239115;2026-08-05;9;HIANYZIK
113053;D-239148;2026-08-05;9;HIANYZIK
113078;D-239213;2026-08-05;9;HIANYZIK
113098;D-238214;2026-08-05;9;HIANYZIK
114516;D-241734;2026-08-05;9;HIANYZIK
114737;D-242126;2026-08-05;9;HIANYZIK
114742;D-242127;2026-08-05;9;HIANYZIK
114764;D-242129;2026-08-05;9;HIANYZIK
114771;D-242131;2026-08-05;9;HIANYZIK
114781;D-242135;2026-08-05;9;HIANYZIK
114785;D-242130;2026-08-05;9;HIANYZIK
114798;D-242134;2026-08-05;9;HIANYZIK
114808;D-242125;2026-08-05;9;HIANYZIK
114886;D-241368;2026-08-05;9;HIANYZIK
115095;D-241380;2026-08-05;9;HIANYZIK
115342;D-241361;2026-08-05;9;HIANYZIK
115408;D-241323;2026-08-05;9;HIANYZIK
115418;D-241330;2026-08-05;9;HIANYZIK
115515;D-241320;2026-08-05;9;HIANYZIK
115552;D-241359;2026-08-05;9;HIANYZIK
115560;D-241322;2026-08-05;9;HIANYZIK
115928;D-241560;2026-08-05;9;HIANYZIK
115946;D-241553;2026-08-05;9;HIANYZIK
115999;D-241554;2026-08-05;9;HIANYZIK
116008;D-241555;2026-08-05;9;HIANYZIK
116211;D-242156;2026-08-05;9;HIANYZIK
116222;D-242157;2026-08-05;9;HIANYZIK
116718;D-242637;2026-08-05;9;HIANYZIK
116754;D-242601;2026-08-05;9;HIANYZIK
116811;D-241701;2026-08-05;9;HIANYZIK
116956;D-241627;2026-08-05;9;HIANYZIK
116968;D-242235;2026-08-05;9;HIANYZIK
118093;D-227077-1;2026-08-05;9;HIANYZIK
118184;D-241755;2026-08-05;9;HIANYZIK
118192;D-241756;2026-08-05;9;HIANYZIK
118200;D-241757;2026-08-05;9;HIANYZIK
118243;D-242775;2026-08-05;9;HIANYZIK
118253;D-239491;2026-08-05;9;HIANYZIK
118259;D-241934;2026-08-05;9;HIANYZIK
118361;D-242274;2026-08-05;9;HIANYZIK
119062;D-241956;2026-08-05;9;HIANYZIK
119070;D-241957;2026-08-05;9;HIANYZIK
119617;D-242793;2026-08-05;9;HIANYZIK
119698;D-243063;2026-08-05;9;HIANYZIK
119701;D-243064;2026-08-05;9;HIANYZIK
119704;D-243065;2026-08-05;9;HIANYZIK
119793;D-243057;2026-08-05;9;HIANYZIK
120149;D-243043;2026-08-05;9;HIANYZIK
120165;D-243019;2026-08-05;9;HIANYZIK
120170;D-243020;2026-08-05;9;HIANYZIK
120182;D-243022;2026-08-05;9;HIANYZIK
120188;D-243023;2026-08-05;9;HIANYZIK
120194;D-243024;2026-08-05;9;HIANYZIK
120200;D-243025;2026-08-05;9;HIANYZIK
120206;D-243026;2026-08-05;9;HIANYZIK
120218;D-243027;2026-08-05;9;HIANYZIK
120228;D-243028;2026-08-05;9;HIANYZIK
120246;D-243029;2026-08-05;9;HIANYZIK
120250;D-243030;2026-08-05;9;HIANYZIK
121943;D-244152;2026-08-05;9;HIANYZIK
121957;D-242698;2026-08-05;9;HIANYZIK
122943;D-244380;2026-08-05;9;HIANYZIK
123165;D-244350;2026-08-05;9;HIANYZIK
123181;D-244321;2026-08-05;9;HIANYZIK
123187;D-244322;2026-08-05;9;HIANYZIK
123193;D-244323;2026-08-05;9;HIANYZIK
123199;D-244324;2026-08-05;9;HIANYZIK
123205;D-244325;2026-08-05;9;HIANYZIK
123211;D-244326;2026-08-05;9;HIANYZIK
123217;D-244327;2026-08-05;9;HIANYZIK
123223;D-244328;2026-08-05;9;HIANYZIK
123945;D-244539;2026-08-05;9;HIANYZIK
124188;D-244497;2026-08-05;9;HIANYZIK
124776;D-244496;2026-08-05;9;HIANYZIK
124810;D-237226;2026-08-05;9;HIANYZIK
124857;D-244645;2026-08-05;9;HIANYZIK
124866;D-244646;2026-08-05;9;HIANYZIK
124875;D-244652;2026-08-05;9;HIANYZIK
125100;free005;2026-08-05;9;HIANYZIK
125107;D-244069;2026-08-05;9;HIANYZIK
125587;PD4422-23;2026-08-05;9;HIANYZIK
125616;D-236554;2026-08-05;9;HIANYZIK
125793;D-244672;2026-08-05;9;HIANYZIK
125797;D-244673;2026-08-05;9;HIANYZIK
125973;D-244813;2026-08-05;9;HIANYZIK
125984;D-244424;2026-08-05;9;HIANYZIK
126122;D-244897;2026-08-05;9;HIANYZIK
126821;D-234814;2026-08-05;9;HIANYZIK
127121;D-244915;2026-08-05;9;HIANYZIK
127128;D-244336;2026-08-05;9;HIANYZIK
127131;D-244337;2026-08-05;9;HIANYZIK
127134;D-244338;2026-08-05;9;HIANYZIK
127137;D-244339;2026-08-05;9;HIANYZIK
127714;D-243824;2026-08-05;9;HIANYZIK
127793;D-243818;2026-08-05;9;HIANYZIK
128246;D-244164;2026-08-05;9;HIANYZIK
128256;D-244216;2026-08-05;9;HIANYZIK
128264;D-244217;2026-08-05;9;HIANYZIK
128493;D-242114;2026-08-05;9;HIANYZIK
128646;D-243012;2026-08-05;9;HIANYZIK
128664;D-235700;2026-08-05;9;HIANYZIK
128755;D-238406;2026-08-05;9;HIANYZIK
130032;D-242306;2026-08-05;9;HIANYZIK
132426;D- 245752;2026-08-05;9;HIANYZIK
132429;D- 245753;2026-08-05;9;HIANYZIK
132432;D- 245754;2026-08-05;9;HIANYZIK
132437;D- 245755;2026-08-05;9;HIANYZIK
132442;D- 245756;2026-08-05;9;HIANYZIK
32965;D-222323;2026-08-13;1;HIANYZIK
33478;D-222311;2026-08-13;1;HIANYZIK
34200;D-227386;2026-08-13;1;HIANYZIK
34302;D-222276;2026-08-13;1;HIANYZIK
34304;D-222310;2026-08-13;1;HIANYZIK
35208;D-216387;2026-08-13;1;HIANYZIK
35948;D-205439;2026-08-13;1;HIANYZIK
36471;D-202723;2026-08-13;1;HIANYZIK
47725;D-227586;2026-08-13;1;HIANYZIK
50487;D-216734;2026-08-13;1;HIANYZIK
51190;D-227401;2026-08-13;1;HIANYZIK
62359;D-227468;2026-08-13;1;HIANYZIK
63191;D-230696;2026-08-13;1;HIANYZIK
69851;D-231448;2026-08-13;1;HIANYZIK
69900;D-231431;2026-08-13;1;HIANYZIK
70054;D-231435;2026-08-13;1;HIANYZIK
70131;D-231682;2026-08-13;1;HIANYZIK
83706;D-231639;2026-08-13;1;HIANYZIK
83722;D-231663;2026-08-13;1;HIANYZIK
89956;D-231239;2026-08-13;1;HIANYZIK
93176;D-223944;2026-08-13;1;HIANYZIK
109706;D-237598;2026-08-13;1;HIANYZIK
109712;D-237599;2026-08-13;1;HIANYZIK
109768;D-238141;2026-08-13;1;HIANYZIK
116959;D-242259;2026-08-13;1;HIANYZIK
116962;D-242258;2026-08-13;1;HIANYZIK
116980;D-242255;2026-08-13;1;HIANYZIK
116983;D-242251;2026-08-13;1;HIANYZIK
116986;D-242253;2026-08-13;1;HIANYZIK
117000;D-242250;2026-08-13;1;HIANYZIK
117003;D-242252;2026-08-13;1;HIANYZIK
132487;D-245871;2026-08-13;1;HIANYZIK
