id;sku;available_stock
31991;D-195036;4
32027;D-202630;25
32224;D-215770;1
32235;D-216115;30
32823;D-202932;19
32865;D-210564;3
33294;PD3948-21;30
33477;D-222287;7
33588;D-201471;11
33808;D-210283;28
33944;D-197968;14
34050;D-227129;27
34088;PD3253-23;1
34095;1901 NUDE;7
34133;D-212777;23
34166;D-221568;8
34226;PD3869-23;8
34257;D-207036;11
34338;D11891;18
34354;3030 BLACK;3
34603;PD3360-21;15
34825;D-227938;5
34863;D-210391;30
34984;D-218630;22
35049;D-215816;27
35084;D-225483;17
35123;D-196499;25
35309;D11313;26
35396;D-222239;6
35407;D-227128;13
35412;D-228796;45
35565;D-224035;29
35605;D-219416;11
35658;D-211167;8
35780;D-203259;9
35783;D-205293;33
35955;D-212744;10
36025;D-197611;14
36040;D-212716;3
36055;D15601;9
36137;D-221575;20
36156;D-201691;24
36204;D-224168;17
36487;D-202781;8
36492;D-202947;13
36580;D-211381;32
36596;D-211749;39
36688;D-213005;34
36818;D-215199;13
37169;D-221087;18
37172;D-221090;11
37174;D-221092;0
37712;D-226760;1
38116;D64-194186;30
45527;D-199228;10
45955;D-225488;0
46336;D-214862;17
46453;D-194909;37
46593;D-201614;6
46721;PD4667-23;5
46853;D-228895;2
46993;D-228888;16
47002;D51-TE03CAR;4
47078;D-224162;7
47217;D-205373;6
47399;D-215792;4
48059;D-228856;6
48157;D-207055;37
48389;D-222214;24
48962;D-212730;35
48998;D-228876;33
49019;D-201859;33
49797;D-229429;27
50705;D-222602;2
51869;D-218996;2
52118;D-212062;20
52142;D-212067;14
52153;D-212069;0
52204;D-215782;6
53809;D-202724;1
56078;D-212882;31
56131;D-227891;0
56141;D-227893;0
56146;D-227894;0
56156;D-227896;5
56166;D-227898;2
56194;D-228311;0
59656;D-218871;0
60599;D-228373;1
60909;D-229993;13
62134;D-197835;27
62721;PD2955-00;2
63468;PD4601-23;0
63960;D-222812;6
64410;D-230531;16
64701;D-216034;23
64885;D-229301;26
65495;D-202622;21
67163;D-230909;15
67425;D-216564;24
67679;D-211178;2
83460;D-231264;31
83645;D-231422;19
83993;D-211805;21
84066;D-231048;39
84450;D-225736;23
87487;D-232628;11
87497;D-232633;9
87534;D-232570;5
87552;D-232579;21
87558;D-232582;16
90702;D-232746;0
91234;D-232878;0
91619;D-232590;5
93492;D-233117;3
94482;D-233279;4
98580;D-234970;9
100286;D-236358;0
102958;D-235927;38
103230;PD5511-23;11
103834;D-233572;3
103853;D-233568;11
103855;D-233574;4
103857;D-233575;3
103936;D-233576;4
103938;D-233577;4
103940;D-233578;3
104656;D-237772;9
104664;D-237774;12
104727;D-237769;24
105761;D-235860;2
105872;D-232648;23
106808;D-238635;1
107280;D-238753;37
110679;D-240513;1
111145;D-240942;16
111234;D-240976;46
111803;D-240981;32
111884;D-241053;20
112523;D-240087;0
113881;D-241022;47
114136;D-241089;19
114166;D-241098;37
115232;D-241396;7
117201;D-242450;33
119707;D-243071;5
120814;D-244057;19
122000;D-244114;7
122012;D-241263;18
124344;D-244403;41
125356;D-232479;46
126279;D-244859;11
127080;D-244718;0
127314;D-244992;5
127645;D-243830;6
127692;D-243823;2
127954;D-244180;20
128216;D-244177;19
129220;D-245125;27
129988;D-245193;25
130906;D-245370;27
131050;D-245373;29
131120;D-245707;14
131178;D-245708;30
131228;D-241181;40
132240;D-245870;37
132291;D-245886;30
132973;D-245159;19
133209;D-245164;19
135894;D-242408;22
136696;D-239772;33
136851;D-245221;17
137539;D-238281;40
137549;D-238283;0
137729;D-241888;25
138119;D-246043;30
